,
photostatus,description
photostatus,name
photostatus,value
ubercalibstatus,description
ubercalibstatus,name
ubercalibstatus,value
dr3quasarcatalog,a_u
dr3quasarcatalog,bestprimtarget
dr3quasarcatalog,camcol_best
dr3quasarcatalog,dec
dr3quasarcatalog,fiberid
dr3quasarcatalog,field_best
dr3quasarcatalog,first_extmatch
dr3quasarcatalog,first_flux_at_opt
dr3quasarcatalog,first_sep
dr3quasarcatalog,first_sn
dr3quasarcatalog,firstmag
dr3quasarcatalog,lg_rass_rate
dr3quasarcatalog,lgnh
dr3quasarcatalog,m_i
dr3quasarcatalog,mjd_best
dr3quasarcatalog,mjd_spec
dr3quasarcatalog,mode
dr3quasarcatalog,morphology
dr3quasarcatalog,obj_best
dr3quasarcatalog,object_name
dr3quasarcatalog,plate
dr3quasarcatalog,psfmag_g
dr3quasarcatalog,psfmag_i
dr3quasarcatalog,psfmag_r
dr3quasarcatalog,psfmag_u
dr3quasarcatalog,psfmag_z
dr3quasarcatalog,psfmagerr_g
dr3quasarcatalog,psfmagerr_i
dr3quasarcatalog,psfmagerr_r
dr3quasarcatalog,psfmagerr_u
dr3quasarcatalog,psfmagerr_z
dr3quasarcatalog,ra
dr3quasarcatalog,rass_sep
dr3quasarcatalog,rass_sn
dr3quasarcatalog,rerun_best
dr3quasarcatalog,run_best
dr3quasarcatalog,scienceprimary
dr3quasarcatalog,sdssname
dr3quasarcatalog,specobjid
dr3quasarcatalog,t_psfmag_g
dr3quasarcatalog,t_psfmag_i
dr3quasarcatalog,t_psfmag_r
dr3quasarcatalog,t_psfmag_u
dr3quasarcatalog,t_psfmag_z
dr3quasarcatalog,t_psfmagerr_g
dr3quasarcatalog,t_psfmagerr_i
dr3quasarcatalog,t_psfmagerr_r
dr3quasarcatalog,t_psfmagerr_u
dr3quasarcatalog,t_psfmagerr_z
dr3quasarcatalog,targprimtarget
dr3quasarcatalog,tilingchunk
dr3quasarcatalog,ts_b_first
dr3quasarcatalog,ts_b_gal
dr3quasarcatalog,ts_b_hiz
dr3quasarcatalog,ts_b_qso
dr3quasarcatalog,ts_b_rosat
dr3quasarcatalog,ts_b_serendip
dr3quasarcatalog,ts_b_star
dr3quasarcatalog,twomass_sep
dr3quasarcatalog,twomassmag_h
dr3quasarcatalog,twomassmag_j
dr3quasarcatalog,twomassmag_k
dr3quasarcatalog,twomassmagerr_h
dr3quasarcatalog,twomassmagerr_j
dr3quasarcatalog,twomassmagerr_k
dr3quasarcatalog,z
primtarget,description
primtarget,name
primtarget,value
sectarget,description
sectarget,name
sectarget,value
zone10000,cx
zone10000,cy
zone10000,cz
zone10000,dec
zone10000,eps
zone10000,flag
zone10000,objid
zone10000,ra
zone10000,zoneid
regionpatch,area
regionpatch,c
regionpatch,convexid
regionpatch,convexstring
regionpatch,dec
regionpatch,htmid
regionpatch,patchid
regionpatch,ra
regionpatch,radius
regionpatch,regionid
regionpatch,type
regionpatch,x
regionpatch,y
regionpatch,z
insidemask,description
insidemask,name
insidemask,value
match,distance
match,matchhead
match,miss
match,mode1
match,mode2
match,objid1
match,objid2
match,run1
match,run2
match,type1
match,type2
speczwarning,description
speczwarning,name
speczwarning,value
matchhead,averagedec
matchhead,averagera
matchhead,matchcount
matchhead,misscount
matchhead,objid
matchhead,vardec
matchhead,varra
imagemask,description
imagemask,name
imagemask,value
photoz,absmag_g
photoz,absmag_i
photoz,absmag_r
photoz,absmag_u
photoz,absmag_z
photoz,chisq
photoz,dmod
photoz,kcorr_g
photoz,kcorr_i
photoz,kcorr_r
photoz,kcorr_u
photoz,kcorr_z
photoz,nnavgz
photoz,nncount
photoz,nnfarobjid
photoz,nnisinside
photoz,nnobjid
photoz,nnspecz
photoz,nnvol
photoz,objid
photoz,pztype
photoz,rest_gr
photoz,rest_iz
photoz,rest_ri
photoz,rest_ug
photoz,z
photoz,zerr
timask,description
timask,name
timask,value
pairs10000,dist
pairs10000,sid1
pairs10000,sid2
photomode,description
photomode,name
photomode,value
zone1000000,cx
zone1000000,cy
zone1000000,cz
zone1000000,dec
zone1000000,eps
zone1000000,flag
zone1000000,objid
zone1000000,ra
zone1000000,zoneid
phototype,description
phototype,name
phototype,value
masktype,description
masktype,name
masktype,value
specphotoall,bestprimtarget
specphotoall,bestsectarget
specphotoall,camcol
specphotoall,collisiongroupid
specphotoall,cx
specphotoall,cy
specphotoall,cz
specphotoall,dec
specphotoall,dered_g
specphotoall,dered_i
specphotoall,dered_r
specphotoall,dered_u
specphotoall,dered_z
specphotoall,extinction_g
specphotoall,extinction_i
specphotoall,extinction_r
specphotoall,extinction_u
specphotoall,extinction_z
specphotoall,fiberid
specphotoall,fibermag_g
specphotoall,fibermag_i
specphotoall,fibermag_r
specphotoall,fibermag_u
specphotoall,fibermag_z
specphotoall,fibermagerr_g
specphotoall,fibermagerr_i
specphotoall,fibermagerr_r
specphotoall,fibermagerr_u
specphotoall,fibermagerr_z
specphotoall,field
specphotoall,fieldid
specphotoall,flags
specphotoall,htmid
specphotoall,mjd
specphotoall,mode
specphotoall,modelmag_g
specphotoall,modelmag_i
specphotoall,modelmag_r
specphotoall,modelmag_u
specphotoall,modelmag_z
specphotoall,modelmagerr_g
specphotoall,modelmagerr_i
specphotoall,modelmagerr_r
specphotoall,modelmagerr_u
specphotoall,modelmagerr_z
specphotoall,mrrcc_r
specphotoall,mrrccerr_r
specphotoall,nchild
specphotoall,obj
specphotoall,objid
specphotoall,objtype
specphotoall,petromag_g
specphotoall,petromag_i
specphotoall,petromag_r
specphotoall,petromag_u
specphotoall,petromag_z
specphotoall,petromagerr_g
specphotoall,petromagerr_i
specphotoall,petromagerr_r
specphotoall,petromagerr_u
specphotoall,petromagerr_z
specphotoall,photodec
specphotoall,photora
specphotoall,plate
specphotoall,plateid
specphotoall,primtarget
specphotoall,priority
specphotoall,psfmag_g
specphotoall,psfmag_i
specphotoall,psfmag_r
specphotoall,psfmag_u
specphotoall,psfmag_z
specphotoall,psfmagerr_g
specphotoall,psfmagerr_i
specphotoall,psfmagerr_r
specphotoall,psfmagerr_u
specphotoall,psfmagerr_z
specphotoall,ra
specphotoall,rerun
specphotoall,run
specphotoall,scienceprimary
specphotoall,sectarget
specphotoall,size
specphotoall,skyversion
specphotoall,specclass
specphotoall,specobjid
specphotoall,status
specphotoall,targetid
specphotoall,targetmode
specphotoall,targetobjid
specphotoall,tile
specphotoall,tilerun
specphotoall,timask
specphotoall,tipriority
specphotoall,type
specphotoall,z
specphotoall,zconf
specphotoall,zerr
specphotoall,zstatus
specphotoall,zwarning
fieldquality,description
fieldquality,name
fieldquality,value
pspstatus,description
pspstatus,name
pspstatus,value
versions,checksum
versions,description
versions,event
versions,previous
versions,text
versions,version
versions,when
versions,who
framesstatus,description
framesstatus,name
framesstatus,value
specclass,description
specclass,name
specclass,value
pairs1000000,dist
pairs1000000,sid1
pairs1000000,sid2
dr5quasarcatalog,a_g
dr5quasarcatalog,a_i
dr5quasarcatalog,a_r
dr5quasarcatalog,a_u
dr5quasarcatalog,a_z
dr5quasarcatalog,bestprimtarget
dr5quasarcatalog,camcol_best
dr5quasarcatalog,dec
dr5quasarcatalog,delgi
dr5quasarcatalog,fiberid
dr5quasarcatalog,field_best
dr5quasarcatalog,first_extmatch
dr5quasarcatalog,first_flux_at_opt
dr5quasarcatalog,first_sep
dr5quasarcatalog,first_sn
dr5quasarcatalog,firstmag
dr5quasarcatalog,lg_rass_rate
dr5quasarcatalog,lgnh
dr5quasarcatalog,m_i
dr5quasarcatalog,mjd_best
dr5quasarcatalog,mjd_spec
dr5quasarcatalog,mode
dr5quasarcatalog,morphology
dr5quasarcatalog,obj_best
dr5quasarcatalog,plate
dr5quasarcatalog,psfmag_g
dr5quasarcatalog,psfmag_i
dr5quasarcatalog,psfmag_r
dr5quasarcatalog,psfmag_u
dr5quasarcatalog,psfmag_z
dr5quasarcatalog,psfmagerr_g
dr5quasarcatalog,psfmagerr_i
dr5quasarcatalog,psfmagerr_r
dr5quasarcatalog,psfmagerr_u
dr5quasarcatalog,psfmagerr_z
dr5quasarcatalog,ra
dr5quasarcatalog,rass_sep
dr5quasarcatalog,rass_sn
dr5quasarcatalog,rerun_best
dr5quasarcatalog,run_best
dr5quasarcatalog,scienceprimary
dr5quasarcatalog,sdssname
dr5quasarcatalog,specobjid
dr5quasarcatalog,t_psfmag_g
dr5quasarcatalog,t_psfmag_i
dr5quasarcatalog,t_psfmag_r
dr5quasarcatalog,t_psfmag_u
dr5quasarcatalog,t_psfmag_z
dr5quasarcatalog,t_psfmagerr_g
dr5quasarcatalog,t_psfmagerr_i
dr5quasarcatalog,t_psfmagerr_r
dr5quasarcatalog,t_psfmagerr_u
dr5quasarcatalog,t_psfmagerr_z
dr5quasarcatalog,targprimtarget
dr5quasarcatalog,ts_b_first
dr5quasarcatalog,ts_b_gal
dr5quasarcatalog,ts_b_hiz
dr5quasarcatalog,ts_b_lowz
dr5quasarcatalog,ts_b_rosat
dr5quasarcatalog,ts_b_serendip
dr5quasarcatalog,ts_b_star
dr5quasarcatalog,ts_t_first
dr5quasarcatalog,ts_t_gal
dr5quasarcatalog,ts_t_hiz
dr5quasarcatalog,ts_t_lowz
dr5quasarcatalog,ts_t_rosat
dr5quasarcatalog,ts_t_serendip
dr5quasarcatalog,ts_t_star
dr5quasarcatalog,twomass_sep
dr5quasarcatalog,twomassmag_h
dr5quasarcatalog,twomassmag_j
dr5quasarcatalog,twomassmag_k
dr5quasarcatalog,twomassmagerr_h
dr5quasarcatalog,twomassmagerr_j
dr5quasarcatalog,twomassmagerr_k
dr5quasarcatalog,uniform
dr5quasarcatalog,z
halfspace,c
halfspace,constraintid
halfspace,convexid
halfspace,regionid
halfspace,x
halfspace,y
halfspace,z
speclinenames,description
speclinenames,name
speclinenames,value
regionarcs,arcid
regionarcs,c
regionarcs,constraintid
regionarcs,convexid
regionarcs,dec1
regionarcs,dec2
regionarcs,draw
regionarcs,length
regionarcs,patch
regionarcs,ra1
regionarcs,ra2
regionarcs,regionid
regionarcs,state
regionarcs,x
regionarcs,y
regionarcs,z
speczstatus,description
speczstatus,name
speczstatus,value
holetype,description
holetype,name
holetype,value
targetparam,name
targetparam,targetversion
targetparam,value
sector,area
sector,ntiles
sector,regionid
sector,targetversion
sector,tiles
objtype,description
objtype,name
objtype,value
tileall,completetileversion
tileall,cx
tileall,cy
tileall,cz
tileall,deccen
tileall,extinction_g
tileall,extinction_i
tileall,extinction_r
tileall,extinction_u
tileall,extinction_z
tileall,htmid
tileall,loadversion
tileall,ntargets
tileall,programname
tileall,programtype
tileall,racen
tileall,tile
tileall,tilerun
tileall,untiled
besttarget2sector,extinction_r
besttarget2sector,objid
besttarget2sector,petromag_r
besttarget2sector,primtarget
besttarget2sector,regionid
besttarget2sector,sectarget
besttarget2sector,status
programtype,description
programtype,name
programtype,value
tilingrun,loadversion
tilingrun,primtargetmask
tilingrun,programname
tilingrun,programtype
tilingrun,sectargetmask
tilingrun,tilepid
tilingrun,tilerun
tilingrun,tileversion
sector2tile,ismask
sector2tile,regionid
sector2tile,tile
sector2tile,type
coordtype,description
coordtype,name
coordtype,value
tilingnote,tilerun
tilingnote,tilingnote
tilingnote,tilingnoteid
spplines,12c13c
spplines,12c13ccont
spplines,12c13cerr
spplines,12c13cmask
spplines,ba
spplines,bacont
spplines,baerr
spplines,bamask
spplines,c2
spplines,c2cont
spplines,c2err
spplines,c2mask
spplines,c2pmgi
spplines,c2pmgicont
spplines,c2pmgierr
spplines,c2pmgimask
spplines,cah
spplines,cah1
spplines,cah1cont
spplines,cah1err
spplines,cah1mask
spplines,cah2
spplines,cah2cont
spplines,cah2err
spplines,cah2mask
spplines,cah3
spplines,cah3cont
spplines,cah3err
spplines,cah3mask
spplines,cahcont
spplines,caherr
spplines,cahmask
spplines,cai
spplines,caicont
spplines,caierr
spplines,caii
spplines,caiia
spplines,caiiacont
spplines,caiiaerr
spplines,caiiamask
spplines,caiiaw40
spplines,caiiaw40cont
spplines,caiiaw40err
spplines,caiiaw40mask
spplines,caiib
spplines,caiibcont
spplines,caiiberr
spplines,caiibmask
spplines,caiicont
spplines,caiierr
spplines,caiihkp
spplines,caiihkpcont
spplines,caiihkperr
spplines,caiihkpmask
spplines,caiik
spplines,caiikcont
spplines,caiikerr
spplines,caiikmask
spplines,caiimask
spplines,caiiw26
spplines,caiiw26cont
spplines,caiiw26err
spplines,caiiw26mask
spplines,caiiw40
spplines,caiiw40cont
spplines,caiiw40err
spplines,caiiw40mask
spplines,caimask
spplines,caiw12
spplines,caiw12cont
spplines,caiw12err
spplines,caiw12mask
spplines,caiw24
spplines,caiw24cont
spplines,caiw24err
spplines,caiw24mask
spplines,caiw6
spplines,caiw6cont
spplines,caiw6err
spplines,caiw6mask
spplines,cc12
spplines,cc12cont
spplines,cc12err
spplines,cc12mask
spplines,cn
spplines,cncont
spplines,cnerr
spplines,cnmask
spplines,cri
spplines,cricont
spplines,crierr
spplines,crimask
spplines,fiberid
spplines,g
spplines,g_blue
spplines,g_bluecont
spplines,g_blueerr
spplines,g_bluemask
spplines,g_whole
spplines,g_wholecont
spplines,g_wholeerr
spplines,g_wholemask
spplines,gcont
spplines,gerr
spplines,gmask
spplines,h8w12
spplines,h8w12cont
spplines,h8w12err
spplines,h8w12mask
spplines,h8w24
spplines,h8w24cont
spplines,h8w24err
spplines,h8w24mask
spplines,h8w3
spplines,h8w3cont
spplines,h8w3err
spplines,h8w3mask
spplines,h8w48
spplines,h8w48cont
spplines,h8w48err
spplines,h8w48mask
spplines,halphaw12
spplines,halphaw12cont
spplines,halphaw12err
spplines,halphaw12mask
spplines,halphaw24
spplines,halphaw24cont
spplines,halphaw24err
spplines,halphaw24mask
spplines,halphaw48
spplines,halphaw48cont
spplines,halphaw48err
spplines,halphaw48mask
spplines,halphaw70
spplines,halphaw70cont
spplines,halphaw70err
spplines,halphaw70mask
spplines,hbeta
spplines,hbetacont
spplines,hbetaerr
spplines,hbetamask
spplines,hbetaw12
spplines,hbetaw12cont
spplines,hbetaw12err
spplines,hbetaw12mask
spplines,hbetaw24
spplines,hbetaw24cont
spplines,hbetaw24err
spplines,hbetaw24mask
spplines,hbetaw48
spplines,hbetaw48cont
spplines,hbetaw48err
spplines,hbetaw48mask
spplines,hdelta
spplines,hdeltacont
spplines,hdeltaerr
spplines,hdeltamask
spplines,hdeltaw12
spplines,hdeltaw12cont
spplines,hdeltaw12err
spplines,hdeltaw12mask
spplines,hdeltaw24
spplines,hdeltaw24cont
spplines,hdeltaw24err
spplines,hdeltaw24mask
spplines,hdeltaw48
spplines,hdeltaw48cont
spplines,hdeltaw48err
spplines,hdeltaw48mask
spplines,hei
spplines,heia
spplines,heiacont
spplines,heiaerr
spplines,heiamask
spplines,heicont
spplines,heierr
spplines,heimask
spplines,heps
spplines,hepscont
spplines,hepserr
spplines,hepsmask
spplines,hgamma
spplines,hgammacont
spplines,hgammaerr
spplines,hgammamask
spplines,hgammaw12
spplines,hgammaw12cont
spplines,hgammaw12err
spplines,hgammaw12mask
spplines,hgammaw24
spplines,hgammaw24cont
spplines,hgammaw24err
spplines,hgammaw24mask
spplines,hgammaw48
spplines,hgammaw48cont
spplines,hgammaw48err
spplines,hgammaw48mask
spplines,ki
spplines,kia
spplines,kiacont
spplines,kiaerr
spplines,kiamask
spplines,kicont
spplines,kierr
spplines,kimask
spplines,kpw12
spplines,kpw12cont
spplines,kpw12err
spplines,kpw12mask
spplines,kpw16
spplines,kpw16cont
spplines,kpw16err
spplines,kpw16mask
spplines,kpw18
spplines,kpw18cont
spplines,kpw18err
spplines,kpw18mask
spplines,kpw6
spplines,kpw6cont
spplines,kpw6err
spplines,kpw6mask
spplines,metal1
spplines,metal1cont
spplines,metal1err
spplines,metal1mask
spplines,mgh
spplines,mghcont
spplines,mgherr
spplines,mghmask
spplines,mghpmgi
spplines,mghpmgicont
spplines,mghpmgierr
spplines,mghpmgimask
spplines,mghpmgipc2
spplines,mghpmgipc2cont
spplines,mghpmgipc2err
spplines,mghpmgipc2mask
spplines,mgi
spplines,mgia
spplines,mgiacont
spplines,mgiaerr
spplines,mgiamask
spplines,mgib
spplines,mgibcont
spplines,mgiberr
spplines,mgibmask
spplines,mgic
spplines,mgiccont
spplines,mgicerr
spplines,mgicmask
spplines,mgicont
spplines,mgierr
spplines,mgimask
spplines,mgipfeii
spplines,mgipfeiicont
spplines,mgipfeiierr
spplines,mgipfeiimask
spplines,mjd
spplines,nai
spplines,naia
spplines,naiacont
spplines,naiaerr
spplines,naiamask
spplines,naicont
spplines,naierr
spplines,naimask
spplines,naired
spplines,nairedcont
spplines,nairederr
spplines,nairedmask
spplines,naw12
spplines,naw12cont
spplines,naw12err
spplines,naw12mask
spplines,naw24
spplines,naw24cont
spplines,naw24err
spplines,naw24mask
spplines,oitrip
spplines,oitripcont
spplines,oitriperr
spplines,oitripmask
spplines,paschenaw42
spplines,paschenaw42cont
spplines,paschenaw42err
spplines,paschenaw42mask
spplines,paschenw13
spplines,paschenw13cont
spplines,paschenw13err
spplines,paschenw13mask
spplines,paschenw42
spplines,paschenw42cont
spplines,paschenw42err
spplines,paschenw42mask
spplines,plate
spplines,specobjid
spplines,sr
spplines,srcont
spplines,srerr
spplines,srmask
spplines,tio
spplines,tio5
spplines,tio5cont
spplines,tio5err
spplines,tio5mask
spplines,tio8
spplines,tio8cont
spplines,tio8err
spplines,tio8mask
spplines,tiocont
spplines,tioerr
spplines,tiomask
region2box,boxid
region2box,boxtype
region2box,id
region2box,regiontype
tilinggeometry,coordtype
tilinggeometry,etanu_0
tilinggeometry,etanu_1
tilinggeometry,firstarea
tilinggeometry,ismask
tilinggeometry,lambdalimit_0
tilinggeometry,lambdalimit_1
tilinggeometry,lambdamu_0
tilinggeometry,lambdamu_1
tilinggeometry,loadversion
tilinggeometry,nsbx
tilinggeometry,stripe
tilinggeometry,targetversion
tilinggeometry,tilerun
tilinggeometry,tilinggeometryid
regionconvex,c
regionconvex,convexid
regionconvex,convexstring
regionconvex,dec
regionconvex,htmid
regionconvex,patch
regionconvex,ra
regionconvex,radius
regionconvex,regionid
regionconvex,type
regionconvex,x
regionconvex,y
regionconvex,z
es_flagsgalaxyredshiftsampledr7,dec
es_flagsgalaxyredshiftsampledr7,flags
es_flagsgalaxyredshiftsampledr7,flags_r
es_flagsgalaxyredshiftsampledr7,flags_u
es_flagsgalaxyredshiftsampledr7,mode
es_flagsgalaxyredshiftsampledr7,nchild
es_flagsgalaxyredshiftsampledr7,objid
es_flagsgalaxyredshiftsampledr7,objtype
es_flagsgalaxyredshiftsampledr7,primtarget
es_flagsgalaxyredshiftsampledr7,ra
es_flagsgalaxyredshiftsampledr7,scienceprimary
es_flagsgalaxyredshiftsampledr7,specclass
es_flagsgalaxyredshiftsampledr7,specobjid
es_flagsgalaxyredshiftsampledr7,zconf
es_flagsgalaxyredshiftsampledr7,zerr
es_flagsgalaxyredshiftsampledr7,zstatus
es_flagsgalaxyredshiftsampledr7,zwarning
tiledtargetall,cx
tiledtargetall,cy
tiledtargetall,cz
tiledtargetall,dec
tiledtargetall,duplicate
tiledtargetall,htmid
tiledtargetall,loadversion
tiledtargetall,objtype
tiledtargetall,ra
tiledtargetall,targetid
tiledtargetall,tile
tiledtargetall,untiled
target,bestmode
target,bestobjid
target,camcol
target,cx
target,cy
target,cz
target,dec
target,duplicate
target,field
target,htmid
target,loadversion
target,obj
target,ra
target,regionid
target,rerun
target,run
target,specobjid
target,targetid
tilinginfo,collisiongroupid
tilinginfo,loadversion
tilinginfo,targetid
tilinginfo,tid
tilinginfo,tile
tilinginfo,tilerun
tilinginfo,timask
tilinginfo,tipriority
targetinfo,loadversion
targetinfo,primtarget
targetinfo,priority
targetinfo,programname
targetinfo,programtype
targetinfo,sectarget
targetinfo,skyversion
targetinfo,targetid
targetinfo,targetmode
targetinfo,targetobjid
sppparams,alphafe
sppparams,alphafeerr
sppparams,alphafen
sppparams,amnhmindex
sppparams,amnhmvalue
sppparams,amnhsubtype
sppparams,amnhtype
sppparams,b
sppparams,bcamcol
sppparams,bfield
sppparams,bobj
sppparams,brerun
sppparams,brun
sppparams,bsz
sppparams,bszerr
sppparams,chigband
sppparams,chihk
sppparams,dec
sppparams,ebv
sppparams,eclass
sppparams,ecoeff1
sppparams,ecoeff2
sppparams,ecoeff3
sppparams,ecoeff4
sppparams,ecoeff5
sppparams,elodierv
sppparams,elodierverr
sppparams,feh1
sppparams,feh10
sppparams,feh10err
sppparams,feh10n
sppparams,feh11
sppparams,feh11err
sppparams,feh11n
sppparams,feh12
sppparams,feh12err
sppparams,feh12n
sppparams,feh1err
sppparams,feh1n
sppparams,feh2
sppparams,feh2err
sppparams,feh2n
sppparams,feh3
sppparams,feh3err
sppparams,feh3n
sppparams,feh4
sppparams,feh4err
sppparams,feh4n
sppparams,feh5
sppparams,feh5err
sppparams,feh5n
sppparams,feh6
sppparams,feh6err
sppparams,feh6n
sppparams,feh7
sppparams,feh7err
sppparams,feh7n
sppparams,feh8
sppparams,feh8err
sppparams,feh8n
sppparams,feh9
sppparams,feh9err
sppparams,feh9n
sppparams,feha
sppparams,fehaerr
sppparams,fehan
sppparams,fiberid
sppparams,flag
sppparams,g0
sppparams,gerr
sppparams,gmr0
sppparams,grbha
sppparams,grbhd
sppparams,grhbaa
sppparams,grhp
sppparams,hammersptype
sppparams,ierr
sppparams,imz0
sppparams,inspect
sppparams,l
sppparams,logg1
sppparams,logg10
sppparams,logg10err
sppparams,logg10n
sppparams,logg1err
sppparams,logg1n
sppparams,logg2
sppparams,logg2err
sppparams,logg2n
sppparams,logg3
sppparams,logg3err
sppparams,logg3n
sppparams,logg4
sppparams,logg4err
sppparams,logg4n
sppparams,logg5
sppparams,logg5err
sppparams,logg5n
sppparams,logg6
sppparams,logg6err
sppparams,logg6n
sppparams,logg7
sppparams,logg7err
sppparams,logg7n
sppparams,logg8
sppparams,logg8err
sppparams,logg8n
sppparams,logg9
sppparams,logg9err
sppparams,logg9n
sppparams,logga
sppparams,loggaerr
sppparams,loggan
sppparams,lpar
sppparams,mjd
sppparams,p1spar
sppparams,plate
sppparams,qualitycheck
sppparams,ra
sppparams,rerr
sppparams,rmi0
sppparams,seguetargetclass
sppparams,sna
sppparams,spar
sppparams,spec_cln
sppparams,specobjid
sppparams,sptypea
sppparams,spz
sppparams,spz_conf
sppparams,spz_status
sppparams,spz_warning
sppparams,spzerr
sppparams,targ_decerr
sppparams,targ_pmb
sppparams,targ_pmdec
sppparams,targ_pmdecerr
sppparams,targ_pmdelta
sppparams,targ_pmdist20
sppparams,targ_pmdist22
sppparams,targ_pmepoch
sppparams,targ_pml
sppparams,targ_pmmatch
sppparams,targ_pmnfit
sppparams,targ_pmra
sppparams,targ_pmraerr
sppparams,targ_pmsigdec
sppparams,targ_pmsigra
sppparams,targ_radecerr
sppparams,targ_raerr
sppparams,targ_usnomag_g
sppparams,targ_usnomag_i
sppparams,targ_usnomag_r
sppparams,targ_usnomag_u
sppparams,targ_usnomag_z
sppparams,targettype
sppparams,teff1
sppparams,teff10
sppparams,teff10err
sppparams,teff10n
sppparams,teff11
sppparams,teff11err
sppparams,teff11n
sppparams,teff1err
sppparams,teff1n
sppparams,teff2
sppparams,teff2err
sppparams,teff2n
sppparams,teff3
sppparams,teff3err
sppparams,teff3n
sppparams,teff4
sppparams,teff4err
sppparams,teff4n
sppparams,teff5
sppparams,teff5err
sppparams,teff5n
sppparams,teff6
sppparams,teff6err
sppparams,teff6n
sppparams,teff7
sppparams,teff7err
sppparams,teff7n
sppparams,teff8
sppparams,teff8err
sppparams,teff8n
sppparams,teff9
sppparams,teff9err
sppparams,teff9n
sppparams,teffa
sppparams,teffaerr
sppparams,teffan
sppparams,tsver
sppparams,uerr
sppparams,umg0
sppparams,vel_dis
sppparams,vel_disperr
sppparams,wpar
sppparams,zbclass
sppparams,zbdof
sppparams,zbelodiesptype
sppparams,zbrchi2
sppparams,zbsubclass
sppparams,zbvdisp
sppparams,zbvdisperr
sppparams,zbzwarning
sppparams,zerr
dtproperties,id
dtproperties,lvalue
dtproperties,objectid
dtproperties,property
dtproperties,uvalue
dtproperties,value
dtproperties,version
elredshift,elredshiftid
elredshift,nfit
elredshift,specobjid
elredshift,wtfit
elredshift,z
elredshift,zconf
elredshift,zerr
holeobj,dec
holeobj,fiberid
holeobj,holeid
holeobj,holetype
holeobj,loadversion
holeobj,objtype
holeobj,plateid
holeobj,ra
holeobj,targetid
holeobj,xfocal
holeobj,yfocal
platex,camver
platex,cartridgeid
platex,combver
platex,cx
platex,cy
platex,cz
platex,dateobs
platex,dec
platex,decboresight
platex,expid
platex,exptime
platex,exptimeb1
platex,exptimeb2
platex,exptimer1
platex,exptimer2
platex,extinction_g
platex,extinction_i
platex,extinction_r
platex,extinction_u
platex,extinction_z
platex,fmapversion
platex,fscanmode
platex,fscanspeed
platex,fscanversion
platex,groff1
platex,groff2
platex,grsigma1
platex,grsigma2
platex,hamax
platex,hamin
platex,heliorv
platex,htmid
platex,isprimary
platex,loadversion
platex,mapmjd
platex,mjd
platex,mjddesign
platex,mpgroff1
platex,mpgroff2
platex,mpgrsig1
platex,mpgrsig2
platex,name
platex,nexp
platex,observer
platex,plate
platex,plateid
platex,plateversion
platex,program
platex,programname
platex,programtype
platex,quality
platex,ra
platex,raboresight
platex,readver
platex,roffset1
platex,roffset2
platex,rsigma1
platex,rsigma2
platex,sfd_used
platex,sn1_0
platex,sn1_1
platex,sn1_2
platex,sn2_0
platex,sn2_1
platex,sn2_2
platex,spec1dver
platex,spec2dver
platex,sprerun
platex,tai
platex,taihms
platex,theta
platex,tile
platex,timesys
platex,utilsver
platex,version
platex,xygrsig1
platex,xygrsig2
runqa,appsfq
runqa,camcol
runqa,field
runqa,fieldid
runqa,fieldqall
runqa,first
runqa,medap7mpsf_g
runqa,medap7mpsf_i
runqa,medap7mpsf_r
runqa,medap7mpsf_u
runqa,medap7mpsf_z
runqa,opdbq
runqa,pc_s
runqa,pc_w
runqa,pc_x
runqa,pc_y
runqa,pcmedq
runqa,pcrmsq
runqa,psfwcondq
runqa,rerun
runqa,rmsap7mpsf_g
runqa,rmsap7mpsf_i
runqa,rmsap7mpsf_r
runqa,rmsap7mpsf_u
runqa,rmsap7mpsf_z
runqa,rmspc_s
runqa,rmspc_w
runqa,rmspc_x
runqa,rmspc_y
runqa,run
runqa,seeing_g
runqa,seeing_i
runqa,seeing_r
runqa,seeing_u
runqa,seeing_z
runqa,skyversion
speclineall,category
speclineall,chisq
speclineall,continuum
speclineall,ew
speclineall,ewerr
speclineall,ewmin
speclineall,height
speclineall,heighterr
speclineall,lineid
speclineall,linemask
speclineall,nsigma
speclineall,nu
speclineall,restwave
speclineall,sigma
speclineall,sigmaerr
speclineall,sigmamax
speclineall,sigmamin
speclineall,specindex
speclineall,speclineid
speclineall,specobjid
speclineall,wave
speclineall,waveerr
speclineall,wavemax
speclineall,wavemin
speclineall,weight
speclineall,z
speclineall,zerr
wflags_cmp1329pm05dr7,dec
wflags_cmp1329pm05dr7,flags
wflags_cmp1329pm05dr7,g
wflags_cmp1329pm05dr7,i
wflags_cmp1329pm05dr7,r
wflags_cmp1329pm05dr7,ra
wflags_cmp1329pm05dr7,u
wflags_cmp1329pm05dr7,z
rc3,a_b
rc3,a_b_int
rc3,a_hi_self
rc3,aliases
rc3,b_t
rc3,b_t0
rc3,b_terr
rc3,b_tsource
rc3,bv_e
rc3,bv_eerr
rc3,bv_t
rc3,bv_t0
rc3,bv_terr
rc3,cx
rc3,cy
rc3,cz
rc3,dec
rc3,galactic_b
rc3,galactic_l
rc3,good_position
rc3,hi
rc3,htmid
rc3,lc_rc2
rc3,lc_rc2err
rc3,lgd_0
rc3,lgd_25
rc3,lgd_25err
rc3,lgr_25
rc3,lgr_25err
rc3,loga_e
rc3,loga_eerr
rc3,m_21cm
rc3,m_21cmerr
rc3,m_25
rc3,m_25err
rc3,m_b
rc3,m_berr
rc3,m_e
rc3,m_eerr
rc3,m_fir
rc3,n_l
rc3,name
rc3,objid
rc3,pgc_name
rc3,posangle
rc3,ra
rc3,rc2_type
rc3,rc2_typesource
rc3,supergalactic_b
rc3,supergalactic_l
rc3,t_type
rc3,t_typeerr
rc3,ub_e
rc3,ub_eerr
rc3,ub_t
rc3,ub_t0
rc3,ub_terr
rc3,v_21cm
rc3,v_21cmerr
rc3,v_3k
rc3,v_gsr
rc3,v_opt
rc3,v_opterr
rc3,w_20
rc3,w_20err
rc3,w_50
rc3,w_50err
speclineindex,ew
speclineindex,ewerr
speclineindex,mag
speclineindex,magerr
speclineindex,name
speclineindex,sn
speclineindex,speclineindexid
speclineindex,specobjid
speclineindex,wavemax
speclineindex,wavemin
speclineindex,z
stetson,b
stetson,berr
stetson,dec
stetson,i
stetson,ierr
stetson,name
stetson,nb
stetson,nb_tot
stetson,ni
stetson,ni_tot
stetson,nr
stetson,nr_tot
stetson,nv
stetson,nv_tot
stetson,objid
stetson,r
stetson,ra
stetson,rerr
stetson,v
stetson,vary
stetson,verr
fieldqa,astromversion
fieldqa,camcol
fieldqa,field
fieldqa,fieldid
fieldqa,inlegacy
fieldqa,kocat
fieldqa,koversion
fieldqa,problemchar
fieldqa,psbitg
fieldqa,psbiti
fieldqa,psbitr
fieldqa,psbitu
fieldqa,psbitz
fieldqa,qgrip
fieldqa,qgris
fieldqa,qrizp
fieldqa,qrizs
fieldqa,rerun
fieldqa,run
fieldqa,sdssbitg
fieldqa,sdssbiti
fieldqa,sdssbitr
fieldqa,sdssbitu
fieldqa,sdssbitz
targphotoobjall,camcol
targphotoobjall,colc
targphotoobjall,colc_g
targphotoobjall,colc_i
targphotoobjall,colc_r
targphotoobjall,colc_u
targphotoobjall,colc_z
targphotoobjall,colcerr
targphotoobjall,colcerr_g
targphotoobjall,colcerr_i
targphotoobjall,colcerr_r
targphotoobjall,colcerr_u
targphotoobjall,colcerr_z
targphotoobjall,colv
targphotoobjall,colverr
targphotoobjall,cx
targphotoobjall,cy
targphotoobjall,cz
targphotoobjall,dec
targphotoobjall,dered_g
targphotoobjall,dered_i
targphotoobjall,dered_r
targphotoobjall,dered_u
targphotoobjall,dered_z
targphotoobjall,devab_g
targphotoobjall,devab_i
targphotoobjall,devab_r
targphotoobjall,devab_u
targphotoobjall,devab_z
targphotoobjall,devaberr_g
targphotoobjall,devaberr_i
targphotoobjall,devaberr_r
targphotoobjall,devaberr_u
targphotoobjall,devaberr_z
targphotoobjall,devmag_g
targphotoobjall,devmag_i
targphotoobjall,devmag_r
targphotoobjall,devmag_u
targphotoobjall,devmag_z
targphotoobjall,devmagerr_g
targphotoobjall,devmagerr_i
targphotoobjall,devmagerr_r
targphotoobjall,devmagerr_u
targphotoobjall,devmagerr_z
targphotoobjall,devphi_g
targphotoobjall,devphi_i
targphotoobjall,devphi_r
targphotoobjall,devphi_u
targphotoobjall,devphi_z
targphotoobjall,devphierr_g
targphotoobjall,devphierr_i
targphotoobjall,devphierr_r
targphotoobjall,devphierr_u
targphotoobjall,devphierr_z
targphotoobjall,devrad_g
targphotoobjall,devrad_i
targphotoobjall,devrad_r
targphotoobjall,devrad_u
targphotoobjall,devrad_z
targphotoobjall,devraderr_g
targphotoobjall,devraderr_i
targphotoobjall,devraderr_r
targphotoobjall,devraderr_u
targphotoobjall,devraderr_z
targphotoobjall,err_g
targphotoobjall,err_i
targphotoobjall,err_r
targphotoobjall,err_u
targphotoobjall,err_z
targphotoobjall,expab_g
targphotoobjall,expab_i
targphotoobjall,expab_r
targphotoobjall,expab_u
targphotoobjall,expab_z
targphotoobjall,expaberr_g
targphotoobjall,expaberr_i
targphotoobjall,expaberr_r
targphotoobjall,expaberr_u
targphotoobjall,expaberr_z
targphotoobjall,expmag_g
targphotoobjall,expmag_i
targphotoobjall,expmag_r
targphotoobjall,expmag_u
targphotoobjall,expmag_z
targphotoobjall,expmagerr_g
targphotoobjall,expmagerr_i
targphotoobjall,expmagerr_r
targphotoobjall,expmagerr_u
targphotoobjall,expmagerr_z
targphotoobjall,expphi_g
targphotoobjall,expphi_i
targphotoobjall,expphi_r
targphotoobjall,expphi_u
targphotoobjall,expphi_z
targphotoobjall,expphierr_g
targphotoobjall,expphierr_i
targphotoobjall,expphierr_r
targphotoobjall,expphierr_u
targphotoobjall,expphierr_z
targphotoobjall,exprad_g
targphotoobjall,exprad_i
targphotoobjall,exprad_r
targphotoobjall,exprad_u
targphotoobjall,exprad_z
targphotoobjall,expraderr_g
targphotoobjall,expraderr_i
targphotoobjall,expraderr_r
targphotoobjall,expraderr_u
targphotoobjall,expraderr_z
targphotoobjall,extinction_g
targphotoobjall,extinction_i
targphotoobjall,extinction_r
targphotoobjall,extinction_u
targphotoobjall,extinction_z
targphotoobjall,fibermag_g
targphotoobjall,fibermag_i
targphotoobjall,fibermag_r
targphotoobjall,fibermag_u
targphotoobjall,fibermag_z
targphotoobjall,fibermagerr_g
targphotoobjall,fibermagerr_i
targphotoobjall,fibermagerr_r
targphotoobjall,fibermagerr_u
targphotoobjall,fibermagerr_z
targphotoobjall,field
targphotoobjall,fieldid
targphotoobjall,flags
targphotoobjall,flags_g
targphotoobjall,flags_i
targphotoobjall,flags_r
targphotoobjall,flags_u
targphotoobjall,flags_z
targphotoobjall,fracdev_g
targphotoobjall,fracdev_i
targphotoobjall,fracdev_r
targphotoobjall,fracdev_u
targphotoobjall,fracdev_z
targphotoobjall,g
targphotoobjall,htmid
targphotoobjall,i
targphotoobjall,insidemask
targphotoobjall,isoa_g
targphotoobjall,isoa_i
targphotoobjall,isoa_r
targphotoobjall,isoa_u
targphotoobjall,isoa_z
targphotoobjall,isoaerr_g
targphotoobjall,isoaerr_i
targphotoobjall,isoaerr_r
targphotoobjall,isoaerr_u
targphotoobjall,isoaerr_z
targphotoobjall,isoagrad_g
targphotoobjall,isoagrad_i
targphotoobjall,isoagrad_r
targphotoobjall,isoagrad_u
targphotoobjall,isoagrad_z
targphotoobjall,isob_g
targphotoobjall,isob_i
targphotoobjall,isob_r
targphotoobjall,isob_u
targphotoobjall,isob_z
targphotoobjall,isoberr_g
targphotoobjall,isoberr_i
targphotoobjall,isoberr_r
targphotoobjall,isoberr_u
targphotoobjall,isoberr_z
targphotoobjall,isobgrad_g
targphotoobjall,isobgrad_i
targphotoobjall,isobgrad_r
targphotoobjall,isobgrad_u
targphotoobjall,isobgrad_z
targphotoobjall,isocolc_g
targphotoobjall,isocolc_i
targphotoobjall,isocolc_r
targphotoobjall,isocolc_u
targphotoobjall,isocolc_z
targphotoobjall,isocolcerr_g
targphotoobjall,isocolcerr_i
targphotoobjall,isocolcerr_r
targphotoobjall,isocolcerr_u
targphotoobjall,isocolcerr_z
targphotoobjall,isocolcgrad_g
targphotoobjall,isocolcgrad_i
targphotoobjall,isocolcgrad_r
targphotoobjall,isocolcgrad_u
targphotoobjall,isocolcgrad_z
targphotoobjall,isophi_g
targphotoobjall,isophi_i
targphotoobjall,isophi_r
targphotoobjall,isophi_u
targphotoobjall,isophi_z
targphotoobjall,isophierr_g
targphotoobjall,isophierr_i
targphotoobjall,isophierr_r
targphotoobjall,isophierr_u
targphotoobjall,isophierr_z
targphotoobjall,isophigrad_g
targphotoobjall,isophigrad_i
targphotoobjall,isophigrad_r
targphotoobjall,isophigrad_u
targphotoobjall,isophigrad_z
targphotoobjall,isorowc_g
targphotoobjall,isorowc_i
targphotoobjall,isorowc_r
targphotoobjall,isorowc_u
targphotoobjall,isorowc_z
targphotoobjall,isorowcerr_g
targphotoobjall,isorowcerr_i
targphotoobjall,isorowcerr_r
targphotoobjall,isorowcerr_u
targphotoobjall,isorowcerr_z
targphotoobjall,isorowcgrad_g
targphotoobjall,isorowcgrad_i
targphotoobjall,isorowcgrad_r
targphotoobjall,isorowcgrad_u
targphotoobjall,isorowcgrad_z
targphotoobjall,lnldev_g
targphotoobjall,lnldev_i
targphotoobjall,lnldev_r
targphotoobjall,lnldev_u
targphotoobjall,lnldev_z
targphotoobjall,lnlexp_g
targphotoobjall,lnlexp_i
targphotoobjall,lnlexp_r
targphotoobjall,lnlexp_u
targphotoobjall,lnlexp_z
targphotoobjall,lnlstar_g
targphotoobjall,lnlstar_i
targphotoobjall,lnlstar_r
targphotoobjall,lnlstar_u
targphotoobjall,lnlstar_z
targphotoobjall,loadversion
targphotoobjall,mcr4_g
targphotoobjall,mcr4_i
targphotoobjall,mcr4_r
targphotoobjall,mcr4_u
targphotoobjall,mcr4_z
targphotoobjall,mcr4psf_g
targphotoobjall,mcr4psf_i
targphotoobjall,mcr4psf_r
targphotoobjall,mcr4psf_u
targphotoobjall,mcr4psf_z
targphotoobjall,me1_g
targphotoobjall,me1_i
targphotoobjall,me1_r
targphotoobjall,me1_u
targphotoobjall,me1_z
targphotoobjall,me1e1err_g
targphotoobjall,me1e1err_i
targphotoobjall,me1e1err_r
targphotoobjall,me1e1err_u
targphotoobjall,me1e1err_z
targphotoobjall,me1e2err_g
targphotoobjall,me1e2err_i
targphotoobjall,me1e2err_r
targphotoobjall,me1e2err_u
targphotoobjall,me1e2err_z
targphotoobjall,me1psf_g
targphotoobjall,me1psf_i
targphotoobjall,me1psf_r
targphotoobjall,me1psf_u
targphotoobjall,me1psf_z
targphotoobjall,me2_g
targphotoobjall,me2_i
targphotoobjall,me2_r
targphotoobjall,me2_u
targphotoobjall,me2_z
targphotoobjall,me2e2err_g
targphotoobjall,me2e2err_i
targphotoobjall,me2e2err_r
targphotoobjall,me2e2err_u
targphotoobjall,me2e2err_z
targphotoobjall,me2psf_g
targphotoobjall,me2psf_i
targphotoobjall,me2psf_r
targphotoobjall,me2psf_u
targphotoobjall,me2psf_z
targphotoobjall,mode
targphotoobjall,modelmag_g
targphotoobjall,modelmag_i
targphotoobjall,modelmag_r
targphotoobjall,modelmag_u
targphotoobjall,modelmag_z
targphotoobjall,modelmagerr_g
targphotoobjall,modelmagerr_i
targphotoobjall,modelmagerr_r
targphotoobjall,modelmagerr_u
targphotoobjall,modelmagerr_z
targphotoobjall,mrrcc_g
targphotoobjall,mrrcc_i
targphotoobjall,mrrcc_r
targphotoobjall,mrrcc_u
targphotoobjall,mrrcc_z
targphotoobjall,mrrccerr_g
targphotoobjall,mrrccerr_i
targphotoobjall,mrrccerr_r
targphotoobjall,mrrccerr_u
targphotoobjall,mrrccerr_z
targphotoobjall,mrrccpsf_g
targphotoobjall,mrrccpsf_i
targphotoobjall,mrrccpsf_r
targphotoobjall,mrrccpsf_u
targphotoobjall,mrrccpsf_z
targphotoobjall,nchild
targphotoobjall,nprof_g
targphotoobjall,nprof_i
targphotoobjall,nprof_r
targphotoobjall,nprof_u
targphotoobjall,nprof_z
targphotoobjall,obj
targphotoobjall,objid
targphotoobjall,offsetdec_g
targphotoobjall,offsetdec_i
targphotoobjall,offsetdec_r
targphotoobjall,offsetdec_u
targphotoobjall,offsetdec_z
targphotoobjall,offsetra_g
targphotoobjall,offsetra_i
targphotoobjall,offsetra_r
targphotoobjall,offsetra_u
targphotoobjall,offsetra_z
targphotoobjall,parentid
targphotoobjall,petromag_g
targphotoobjall,petromag_i
targphotoobjall,petromag_r
targphotoobjall,petromag_u
targphotoobjall,petromag_z
targphotoobjall,petromagerr_g
targphotoobjall,petromagerr_i
targphotoobjall,petromagerr_r
targphotoobjall,petromagerr_u
targphotoobjall,petromagerr_z
targphotoobjall,petror50_g
targphotoobjall,petror50_i
targphotoobjall,petror50_r
targphotoobjall,petror50_u
targphotoobjall,petror50_z
targphotoobjall,petror50err_g
targphotoobjall,petror50err_i
targphotoobjall,petror50err_r
targphotoobjall,petror50err_u
targphotoobjall,petror50err_z
targphotoobjall,petror90_g
targphotoobjall,petror90_i
targphotoobjall,petror90_r
targphotoobjall,petror90_u
targphotoobjall,petror90_z
targphotoobjall,petror90err_g
targphotoobjall,petror90err_i
targphotoobjall,petror90err_r
targphotoobjall,petror90err_u
targphotoobjall,petror90err_z
targphotoobjall,petrorad_g
targphotoobjall,petrorad_i
targphotoobjall,petrorad_r
targphotoobjall,petrorad_u
targphotoobjall,petrorad_z
targphotoobjall,petroraderr_g
targphotoobjall,petroraderr_i
targphotoobjall,petroraderr_r
targphotoobjall,petroraderr_u
targphotoobjall,petroraderr_z
targphotoobjall,primtarget
targphotoobjall,priority
targphotoobjall,probpsf
targphotoobjall,probpsf_g
targphotoobjall,probpsf_i
targphotoobjall,probpsf_r
targphotoobjall,probpsf_u
targphotoobjall,probpsf_z
targphotoobjall,psfmag_g
targphotoobjall,psfmag_i
targphotoobjall,psfmag_r
targphotoobjall,psfmag_u
targphotoobjall,psfmag_z
targphotoobjall,psfmagerr_g
targphotoobjall,psfmagerr_i
targphotoobjall,psfmagerr_r
targphotoobjall,psfmagerr_u
targphotoobjall,psfmagerr_z
targphotoobjall,q_g
targphotoobjall,q_i
targphotoobjall,q_r
targphotoobjall,q_u
targphotoobjall,q_z
targphotoobjall,qerr_g
targphotoobjall,qerr_i
targphotoobjall,qerr_r
targphotoobjall,qerr_u
targphotoobjall,qerr_z
targphotoobjall,r
targphotoobjall,ra
targphotoobjall,rerun
targphotoobjall,rho
targphotoobjall,rowc
targphotoobjall,rowc_g
targphotoobjall,rowc_i
targphotoobjall,rowc_r
targphotoobjall,rowc_u
targphotoobjall,rowc_z
targphotoobjall,rowcerr
targphotoobjall,rowcerr_g
targphotoobjall,rowcerr_i
targphotoobjall,rowcerr_r
targphotoobjall,rowcerr_u
targphotoobjall,rowcerr_z
targphotoobjall,rowv
targphotoobjall,rowverr
targphotoobjall,run
targphotoobjall,sectarget
targphotoobjall,sky_g
targphotoobjall,sky_i
targphotoobjall,sky_r
targphotoobjall,sky_u
targphotoobjall,sky_z
targphotoobjall,skyerr_g
targphotoobjall,skyerr_i
targphotoobjall,skyerr_r
targphotoobjall,skyerr_u
targphotoobjall,skyerr_z
targphotoobjall,skyversion
targphotoobjall,specobjid
targphotoobjall,status
targphotoobjall,texture_g
targphotoobjall,texture_i
targphotoobjall,texture_r
targphotoobjall,texture_u
targphotoobjall,texture_z
targphotoobjall,type
targphotoobjall,type_g
targphotoobjall,type_i
targphotoobjall,type_r
targphotoobjall,type_u
targphotoobjall,type_z
targphotoobjall,u
targphotoobjall,u_g
targphotoobjall,u_i
targphotoobjall,u_r
targphotoobjall,u_u
targphotoobjall,u_z
targphotoobjall,uerr_g
targphotoobjall,uerr_i
targphotoobjall,uerr_r
targphotoobjall,uerr_u
targphotoobjall,uerr_z
targphotoobjall,z
xcredshift,delta
xcredshift,height
xcredshift,peakno
xcredshift,r
xcredshift,rms
xcredshift,shift
xcredshift,specobjid
xcredshift,tempno
xcredshift,width
xcredshift,widtherr
xcredshift,xcredshiftid
xcredshift,z
xcredshift,zconf
xcredshift,zerr
qsoneighbors,objid1
qsoneighbors,objid2
qsoneighbors,type1
qsoneighbors,type2
specobjall,bestobjid
specobjall,cx
specobjall,cy
specobjall,cz
specobjall,dec
specobjall,eclass
specobjall,ecoeff_0
specobjall,ecoeff_1
specobjall,ecoeff_2
specobjall,ecoeff_3
specobjall,ecoeff_4
specobjall,fiberid
specobjall,fibermag_g
specobjall,fibermag_i
specobjall,fibermag_r
specobjall,fibermag_u
specobjall,fibermag_z
specobjall,htmid
specobjall,img
specobjall,loadversion
specobjall,mag_0
specobjall,mag_1
specobjall,mag_2
specobjall,mjd
specobjall,ngood
specobjall,objtype
specobjall,objtypename
specobjall,otherprimtarget
specobjall,othersectarget
specobjall,pixmax
specobjall,pixmin
specobjall,plate
specobjall,plateid
specobjall,primtarget
specobjall,ra
specobjall,sci_sn
specobjall,scienceprimary
specobjall,sectarget
specobjall,segueprimtarget
specobjall,seguesectarget
specobjall,sm_leg_0
specobjall,sm_leg_1
specobjall,sm_leg_2
specobjall,smear_sn
specobjall,sn_0
specobjall,sn_1
specobjall,sn_2
specobjall,specclass
specobjall,specobjid
specobjall,spectrographid
specobjall,targetid
specobjall,targetobjid
specobjall,throughput
specobjall,tile
specobjall,veldisp
specobjall,veldisperr
specobjall,xfocal
specobjall,yfocal
specobjall,z
specobjall,zconf
specobjall,zerr
specobjall,zstatus
specobjall,zwarning
nli_delete,objid
dataconstants,description
dataconstants,field
dataconstants,name
dataconstants,value
sdssconstants,description
sdssconstants,name
sdssconstants,unit
sdssconstants,value
stripedefs,eta
stripedefs,hemisphere
stripedefs,htmarea
stripedefs,lambdamax
stripedefs,lambdamin
stripedefs,stripe
runshift,run
runshift,shift
input_jim,dec
input_jim,gid
input_jim,glat
input_jim,id
input_jim,ra
profiledefs,aann
profiledefs,adisk
profiledefs,bin
profiledefs,cell
profiledefs,rinner
profiledefs,router
profiledefs,sinc
output_jim_20_50,dist
output_jim_20_50,edge
output_jim_20_50,flags
output_jim_20_50,flags_g
output_jim_20_50,flags_i
output_jim_20_50,flags_r
output_jim_20_50,flags_u
output_jim_20_50,flags_z
output_jim_20_50,g_cr
output_jim_20_50,g_sat
output_jim_20_50,gid
output_jim_20_50,i_cr
output_jim_20_50,i_sat
output_jim_20_50,objid
output_jim_20_50,petromag_g
output_jim_20_50,petromag_i
output_jim_20_50,petromag_r
output_jim_20_50,petromag_u
output_jim_20_50,petromag_z
output_jim_20_50,petromagerr_g
output_jim_20_50,petromagerr_i
output_jim_20_50,petromagerr_r
output_jim_20_50,petromagerr_u
output_jim_20_50,petromagerr_z
output_jim_20_50,phot_dec
output_jim_20_50,phot_ra
output_jim_20_50,propermotion
output_jim_20_50,r_cr
output_jim_20_50,r_sat
output_jim_20_50,specobjid
output_jim_20_50,type
output_jim_20_50,u_cr
output_jim_20_50,u_sat
output_jim_20_50,up_dec
output_jim_20_50,up_ra
output_jim_20_50,usno_blue
output_jim_20_50,usno_red
output_jim_20_50,z_cr
output_jim_20_50,z_sat
output_jim_-20_20,dist
output_jim_-20_20,edge
output_jim_-20_20,flags
output_jim_-20_20,flags_g
output_jim_-20_20,flags_i
output_jim_-20_20,flags_r
output_jim_-20_20,flags_u
output_jim_-20_20,flags_z
output_jim_-20_20,g_cr
output_jim_-20_20,g_sat
output_jim_-20_20,gid
output_jim_-20_20,i_cr
output_jim_-20_20,i_sat
output_jim_-20_20,objid
output_jim_-20_20,petromag_g
output_jim_-20_20,petromag_i
output_jim_-20_20,petromag_r
output_jim_-20_20,petromag_u
output_jim_-20_20,petromag_z
output_jim_-20_20,petromagerr_g
output_jim_-20_20,petromagerr_i
output_jim_-20_20,petromagerr_r
output_jim_-20_20,petromagerr_u
output_jim_-20_20,petromagerr_z
output_jim_-20_20,phot_dec
output_jim_-20_20,phot_ra
output_jim_-20_20,propermotion
output_jim_-20_20,r_cr
output_jim_-20_20,r_sat
output_jim_-20_20,specobjid
output_jim_-20_20,type
output_jim_-20_20,u_cr
output_jim_-20_20,u_sat
output_jim_-20_20,up_dec
output_jim_-20_20,up_ra
output_jim_-20_20,usno_blue
output_jim_-20_20,usno_red
output_jim_-20_20,z_cr
output_jim_-20_20,z_sat
output_jim_-90_-20,dist
output_jim_-90_-20,edge
output_jim_-90_-20,flags
output_jim_-90_-20,flags_g
output_jim_-90_-20,flags_i
output_jim_-90_-20,flags_r
output_jim_-90_-20,flags_u
output_jim_-90_-20,flags_z
output_jim_-90_-20,g_cr
output_jim_-90_-20,g_sat
output_jim_-90_-20,gid
output_jim_-90_-20,i_cr
output_jim_-90_-20,i_sat
output_jim_-90_-20,objid
output_jim_-90_-20,petromag_g
output_jim_-90_-20,petromag_i
output_jim_-90_-20,petromag_r
output_jim_-90_-20,petromag_u
output_jim_-90_-20,petromag_z
output_jim_-90_-20,petromagerr_g
output_jim_-90_-20,petromagerr_i
output_jim_-90_-20,petromagerr_r
output_jim_-90_-20,petromagerr_u
output_jim_-90_-20,petromagerr_z
output_jim_-90_-20,phot_dec
output_jim_-90_-20,phot_ra
output_jim_-90_-20,propermotion
output_jim_-90_-20,r_cr
output_jim_-90_-20,r_sat
output_jim_-90_-20,specobjid
output_jim_-90_-20,type
output_jim_-90_-20,u_cr
output_jim_-90_-20,u_sat
output_jim_-90_-20,up_dec
output_jim_-90_-20,up_ra
output_jim_-90_-20,usno_blue
output_jim_-90_-20,usno_red
output_jim_-90_-20,z_cr
output_jim_-90_-20,z_sat
output_jim_50_90,dist
output_jim_50_90,edge
output_jim_50_90,flags
output_jim_50_90,flags_g
output_jim_50_90,flags_i
output_jim_50_90,flags_r
output_jim_50_90,flags_u
output_jim_50_90,flags_z
output_jim_50_90,g_cr
output_jim_50_90,g_sat
output_jim_50_90,gid
output_jim_50_90,i_cr
output_jim_50_90,i_sat
output_jim_50_90,objid
output_jim_50_90,petromag_g
output_jim_50_90,petromag_i
output_jim_50_90,petromag_r
output_jim_50_90,petromag_u
output_jim_50_90,petromag_z
output_jim_50_90,petromagerr_g
output_jim_50_90,petromagerr_i
output_jim_50_90,petromagerr_r
output_jim_50_90,petromagerr_u
output_jim_50_90,petromagerr_z
output_jim_50_90,phot_dec
output_jim_50_90,phot_ra
output_jim_50_90,propermotion
output_jim_50_90,r_cr
output_jim_50_90,r_sat
output_jim_50_90,specobjid
output_jim_50_90,type
output_jim_50_90,u_cr
output_jim_50_90,u_sat
output_jim_50_90,up_dec
output_jim_50_90,up_ra
output_jim_50_90,usno_blue
output_jim_50_90,usno_red
output_jim_50_90,z_cr
output_jim_50_90,z_sat
alexlimits,qmax
alexlimits,qmin
alexlimits,stripe
alexlimits,zmax
alexlimits,zmin
sysdiagrams,definition
sysdiagrams,diagram_id
sysdiagrams,name
sysdiagrams,principal_id
sysdiagrams,version
targphototag,camcol
targphototag,cx
targphototag,cy
targphototag,cz
targphototag,dec
targphototag,extinction_g
targphototag,extinction_i
targphototag,extinction_r
targphototag,extinction_u
targphototag,extinction_z
targphototag,field
targphototag,fieldid
targphototag,flags
targphototag,htmid
targphototag,insidemask
targphototag,lnldev_r
targphototag,lnlexp_r
targphototag,lnlstar_r
targphototag,mode
targphototag,modelmag_g
targphototag,modelmag_i
targphototag,modelmag_r
targphototag,modelmag_u
targphototag,modelmag_z
targphototag,modelmagerr_g
targphototag,modelmagerr_i
targphototag,modelmagerr_r
targphototag,modelmagerr_u
targphototag,modelmagerr_z
targphototag,mrrcc_r
targphototag,mrrccerr_r
targphototag,nchild
targphototag,obj
targphototag,objid
targphototag,petromag_g
targphototag,petromag_i
targphototag,petromag_r
targphototag,petromag_u
targphototag,petromag_z
targphototag,petromagerr_g
targphototag,petromagerr_i
targphototag,petromagerr_r
targphototag,petromagerr_u
targphototag,petromagerr_z
targphototag,petror50_r
targphototag,petror90_r
targphototag,primtarget
targphototag,probpsf
targphototag,psfmag_g
targphototag,psfmag_i
targphototag,psfmag_r
targphototag,psfmag_u
targphototag,psfmag_z
targphototag,psfmagerr_g
targphototag,psfmagerr_i
targphototag,psfmagerr_r
targphototag,psfmagerr_u
targphototag,psfmagerr_z
targphototag,ra
targphototag,rerun
targphototag,run
targphototag,sectarget
targphototag,size
targphototag,skyversion
targphototag,specobjid
targphototag,status
targphototag,type
propermotions,decerr
propermotions,delta
propermotions,dist20
propermotions,dist22
propermotions,e
propermotions,f
propermotions,j
propermotions,match
propermotions,n
propermotions,nfit
propermotions,o
propermotions,objid
propermotions,pmb
propermotions,pmdec
propermotions,pmdecerr
propermotions,pml
propermotions,pmra
propermotions,pmraerr
propermotions,radeccorr
propermotions,raerr
propermotions,sigdec
propermotions,sigra
indexmap,code
indexmap,fieldlist
indexmap,foreignkey
indexmap,indexgroup
indexmap,indexmapid
indexmap,tablename
indexmap,type
zone,cx
zone,cy
zone,cz
zone,dec
zone,mode
zone,native
zone,objid
zone,ra
zone,type
zone,zoneid
targrunqa,appsfq
targrunqa,camcol
targrunqa,field
targrunqa,fieldid
targrunqa,fieldqall
targrunqa,first
targrunqa,medap7mpsf_g
targrunqa,medap7mpsf_i
targrunqa,medap7mpsf_r
targrunqa,medap7mpsf_u
targrunqa,medap7mpsf_z
targrunqa,opdbq
targrunqa,pc_s
targrunqa,pc_w
targrunqa,pc_x
targrunqa,pc_y
targrunqa,pcmedq
targrunqa,pcrmsq
targrunqa,psfwcondq
targrunqa,rerun
targrunqa,rmsap7mpsf_g
targrunqa,rmsap7mpsf_i
targrunqa,rmsap7mpsf_r
targrunqa,rmsap7mpsf_u
targrunqa,rmsap7mpsf_z
targrunqa,rmspc_s
targrunqa,rmspc_w
targrunqa,rmspc_x
targrunqa,rmspc_y
targrunqa,run
targrunqa,seeing_g
targrunqa,seeing_i
targrunqa,seeing_r
targrunqa,seeing_u
targrunqa,seeing_z
targrunqa,skyversion
neighbors,distance
neighbors,mode
neighbors,neighbormode
neighbors,neighborobjid
neighbors,neighbortype
neighbors,objid
neighbors,type
top100000,cx
top100000,cy
top100000,cz
top100000,dec
top100000,mode
top100000,native
top100000,objid
top100000,ra
top100000,type
top100000,zoneid
ap7mag,apmag_g
ap7mag,apmag_i
ap7mag,apmag_r
ap7mag,apmag_u
ap7mag,apmag_z
ap7mag,apmagerr_g
ap7mag,apmagerr_i
ap7mag,apmagerr_r
ap7mag,apmagerr_u
ap7mag,apmagerr_z
ap7mag,colc
ap7mag,objid
ap7mag,psfmag_g
ap7mag,psfmag_i
ap7mag,psfmag_r
ap7mag,psfmag_u
ap7mag,psfmag_z
ap7mag,psfmagerr_g
ap7mag,psfmagerr_i
ap7mag,psfmagerr_r
ap7mag,psfmagerr_u
ap7mag,psfmagerr_z
ap7mag,rowc
zone1,cx
zone1,cy
zone1,cz
zone1,dec
zone1,eps
zone1,flag
zone1,objid
zone1,ra
zone1,specobjid
zone1,zoneid
chunk,chunkid
chunk,endmu
chunk,exportversion
chunk,loadversion
chunk,skyversion
chunk,startmu
chunk,stripe
chunk,targetversion
segment,bmax
segment,bmin
segment,camcol
segment,chunkid
segment,cobs
segment,decmax
segment,decmin
segment,dscale
segment,endmu
segment,equinox
segment,etamax
segment,etamin
segment,exportastroid
segment,exportastroversion
segment,exported
segment,exportfcalibid
segment,exportfcalibversion
segment,families
segment,field0
segment,incl
segment,lambdamax
segment,lambdamin
segment,lmax
segment,lmin
segment,loaderversion
segment,loadversion
segment,nfields
segment,node
segment,objectsource
segment,photoid
segment,photoversion
segment,ramax
segment,ramin
segment,rerun
segment,resolved
segment,run
segment,segmentid
segment,skyversion
segment,startmu
segment,status
segment,strip
segment,stripe
segment,targetastroid
segment,targetastroversion
segment,targetfcalibid
segment,targetfcalibversion
segment,targetsource
segment,targetversion
segment,tracking
ubercal,calibstatus_g
ubercal,calibstatus_i
ubercal,calibstatus_r
ubercal,calibstatus_u
ubercal,calibstatus_z
ubercal,conv_g
ubercal,conv_i
ubercal,conv_r
ubercal,conv_u
ubercal,conv_z
ubercal,modelmag_g
ubercal,modelmag_i
ubercal,modelmag_r
ubercal,modelmag_u
ubercal,modelmag_z
ubercal,objid
ubercal,petromag_g
ubercal,petromag_i
ubercal,petromag_r
ubercal,petromag_u
ubercal,petromag_z
ubercal,psfmag_g
ubercal,psfmag_i
ubercal,psfmag_r
ubercal,psfmag_u
ubercal,psfmag_z
field,a_g
field,a_i
field,a_r
field,a_u
field,a_z
field,aa_g
field,aa_i
field,aa_r
field,aa_u
field,aa_z
field,aaerr_g
field,aaerr_i
field,aaerr_r
field,aaerr_u
field,aaerr_z
field,acceptablemask
field,airmass_g
field,airmass_i
field,airmass_r
field,airmass_u
field,airmass_z
field,b_g
field,b_i
field,b_r
field,b_u
field,b_z
field,badmask
field,bb_g
field,bb_i
field,bb_r
field,bb_u
field,bb_z
field,bberr_g
field,bberr_i
field,bberr_r
field,bberr_u
field,bberr_z
field,c_g
field,c_i
field,c_r
field,c_u
field,c_z
field,camcol
field,cc_g
field,cc_i
field,cc_r
field,cc_u
field,cc_z
field,cccol_g
field,cccol_i
field,cccol_r
field,cccol_u
field,cccol_z
field,ccerr_g
field,ccerr_i
field,ccerr_r
field,ccerr_u
field,ccerr_z
field,ccrow_g
field,ccrow_i
field,ccrow_r
field,ccrow_u
field,ccrow_z
field,coloffset_g
field,coloffset_i
field,coloffset_r
field,coloffset_u
field,coloffset_z
field,cscol_g
field,cscol_i
field,cscol_r
field,cscol_u
field,cscol_z
field,csrow_g
field,csrow_i
field,csrow_r
field,csrow_u
field,csrow_z
field,culled
field,d_g
field,d_i
field,d_r
field,d_u
field,d_z
field,darkvariance_g
field,darkvariance_i
field,darkvariance_r
field,darkvariance_u
field,darkvariance_z
field,dcol0_g
field,dcol0_i
field,dcol0_r
field,dcol0_u
field,dcol0_z
field,dcol1_g
field,dcol1_i
field,dcol1_r
field,dcol1_u
field,dcol1_z
field,dcol2_g
field,dcol2_i
field,dcol2_r
field,dcol2_u
field,dcol2_z
field,dcol3_g
field,dcol3_i
field,dcol3_r
field,dcol3_u
field,dcol3_z
field,decmax
field,decmin
field,devapcorrection_g
field,devapcorrection_i
field,devapcorrection_r
field,devapcorrection_u
field,devapcorrection_z
field,devapcorrectionerr_g
field,devapcorrectionerr_i
field,devapcorrectionerr_r
field,devapcorrectionerr_u
field,devapcorrectionerr_z
field,devmodelapcorrection_g
field,devmodelapcorrection_i
field,devmodelapcorrection_r
field,devmodelapcorrection_u
field,devmodelapcorrection_z
field,devmodelapcorrectionerr_g
field,devmodelapcorrectionerr_i
field,devmodelapcorrectionerr_r
field,devmodelapcorrectionerr_u
field,devmodelapcorrectionerr_z
field,drow0_g
field,drow0_i
field,drow0_r
field,drow0_u
field,drow0_z
field,drow1_g
field,drow1_i
field,drow1_r
field,drow1_u
field,drow1_z
field,drow2_g
field,drow2_i
field,drow2_r
field,drow2_u
field,drow2_z
field,drow3_g
field,drow3_i
field,drow3_r
field,drow3_u
field,drow3_z
field,e_g
field,e_i
field,e_r
field,e_u
field,e_z
field,expapcorrection_g
field,expapcorrection_i
field,expapcorrection_r
field,expapcorrection_u
field,expapcorrection_z
field,expapcorrectionerr_g
field,expapcorrectionerr_i
field,expapcorrectionerr_r
field,expapcorrectionerr_u
field,expapcorrectionerr_z
field,expmodelapcorrection_g
field,expmodelapcorrection_i
field,expmodelapcorrection_r
field,expmodelapcorrection_u
field,expmodelapcorrection_z
field,expmodelapcorrectionerr_g
field,expmodelapcorrectionerr_i
field,expmodelapcorrectionerr_r
field,expmodelapcorrectionerr_u
field,expmodelapcorrectionerr_z
field,f_g
field,f_i
field,f_r
field,f_u
field,f_z
field,field
field,fieldid
field,framesstatus
field,gain_g
field,gain_i
field,gain_r
field,gain_u
field,gain_z
field,goodmask
field,holemask
field,kk_g
field,kk_i
field,kk_r
field,kk_u
field,kk_z
field,kkerr_g
field,kkerr_i
field,kkerr_r
field,kkerr_u
field,kkerr_z
field,lbias_g
field,lbias_i
field,lbias_r
field,lbias_u
field,lbias_z
field,loadversion
field,medianfibercolor_g
field,medianfibercolor_i
field,medianfibercolor_r
field,medianfibercolor_u
field,medianfibercolor_z
field,medianpsfcolor_g
field,medianpsfcolor_i
field,medianpsfcolor_r
field,medianpsfcolor_u
field,medianpsfcolor_z
field,mjd_g
field,mjd_i
field,mjd_r
field,mjd_u
field,mjd_z
field,muerr_g
field,muerr_i
field,muerr_r
field,muerr_u
field,muerr_z
field,nbrightobj_g
field,nbrightobj_i
field,nbrightobj_r
field,nbrightobj_u
field,nbrightobj_z
field,nchild
field,ncr_g
field,ncr_i
field,ncr_r
field,ncr_u
field,ncr_z
field,neffpsf_g
field,neffpsf_i
field,neffpsf_r
field,neffpsf_u
field,neffpsf_z
field,nfaintobj_g
field,nfaintobj_i
field,nfaintobj_r
field,nfaintobj_u
field,nfaintobj_z
field,ngalaxy
field,nobjects
field,nprof_g
field,nprof_i
field,nprof_r
field,nprof_u
field,nprof_z
field,nstars
field,nuerr_g
field,nuerr_i
field,nuerr_r
field,nuerr_u
field,nuerr_z
field,numstars_g
field,numstars_i
field,numstars_r
field,numstars_u
field,numstars_z
field,psf2gb_g
field,psf2gb_i
field,psf2gb_r
field,psf2gb_u
field,psf2gb_z
field,psf2gsigma1_g
field,psf2gsigma1_i
field,psf2gsigma1_r
field,psf2gsigma1_u
field,psf2gsigma1_z
field,psf2gsigma2_g
field,psf2gsigma2_i
field,psf2gsigma2_r
field,psf2gsigma2_u
field,psf2gsigma2_z
field,psfapcorrectionerr_g
field,psfapcorrectionerr_i
field,psfapcorrectionerr_r
field,psfapcorrectionerr_u
field,psfapcorrectionerr_z
field,psfb_g
field,psfb_i
field,psfb_r
field,psfb_u
field,psfb_z
field,psfbeta_g
field,psfbeta_i
field,psfbeta_r
field,psfbeta_u
field,psfbeta_z
field,psfcounts_g
field,psfcounts_i
field,psfcounts_r
field,psfcounts_u
field,psfcounts_z
field,psfnstar_g
field,psfnstar_i
field,psfnstar_r
field,psfnstar_u
field,psfnstar_z
field,psfp0_g
field,psfp0_i
field,psfp0_r
field,psfp0_u
field,psfp0_z
field,psfpsfcounts_g
field,psfpsfcounts_i
field,psfpsfcounts_r
field,psfpsfcounts_u
field,psfpsfcounts_z
field,psfsigma1_g
field,psfsigma1_i
field,psfsigma1_r
field,psfsigma1_u
field,psfsigma1_z
field,psfsigma2_g
field,psfsigma2_i
field,psfsigma2_r
field,psfsigma2_u
field,psfsigma2_z
field,psfsigmap_g
field,psfsigmap_i
field,psfsigmap_r
field,psfsigmap_u
field,psfsigmap_z
field,psfwidth_g
field,psfwidth_i
field,psfwidth_r
field,psfwidth_u
field,psfwidth_z
field,pspstatus
field,q_g
field,q_i
field,q_r
field,q_u
field,q_z
field,quality
field,ramax
field,ramin
field,rbias_g
field,rbias_i
field,rbias_r
field,rbias_u
field,rbias_z
field,rerun
field,ricut_g
field,ricut_i
field,ricut_r
field,ricut_u
field,ricut_z
field,rowoffset_g
field,rowoffset_i
field,rowoffset_r
field,rowoffset_u
field,rowoffset_z
field,run
field,saturationlevel_g
field,saturationlevel_i
field,saturationlevel_r
field,saturationlevel_u
field,saturationlevel_z
field,scanlinearea
field,segmentid
field,seqid
field,sigpix_g
field,sigpix_i
field,sigpix_r
field,sigpix_u
field,sigpix_z
field,sky_g
field,sky_i
field,sky_r
field,sky_u
field,sky_z
field,skyerr_g
field,skyerr_i
field,skyerr_r
field,skyerr_u
field,skyerr_z
field,skyframes_g
field,skyframes_i
field,skyframes_r
field,skyframes_u
field,skyframes_z
field,skyframessub_g
field,skyframessub_i
field,skyframessub_r
field,skyframessub_u
field,skyframessub_z
field,skypsp_g
field,skypsp_i
field,skypsp_r
field,skypsp_u
field,skypsp_z
field,skysig_g
field,skysig_i
field,skysig_r
field,skysig_u
field,skysig_z
field,skyslope_g
field,skyslope_i
field,skyslope_r
field,skyslope_u
field,skyslope_z
field,skyversion
field,status_g
field,status_i
field,status_r
field,status_u
field,status_z
field,stripearea
field,u_g
field,u_i
field,u_r
field,u_u
field,u_z
frame,a
frame,b
frame,c
frame,camcol
frame,cx
frame,cy
frame,cz
frame,d
frame,dec
frame,decmax
frame,decmin
frame,e
frame,f
frame,field
frame,fieldid
frame,htmid
frame,img
frame,incl
frame,mu
frame,node
frame,nu
frame,ra
frame,ramax
frame,ramin
frame,rerun
frame,run
frame,strip
frame,stripe
frame,zoom
qsocatalogall,bestobjid
qsocatalogall,bestqsotargeted
qsocatalogall,dist_best_spec
qsocatalogall,dist_target_best
qsocatalogall,dist_target_spec
qsocatalogall,headobjid
qsocatalogall,headobjtype
qsocatalogall,psfmag_g_i_diff
qsocatalogall,psfmag_i_diff
qsocatalogall,qsoprimary
qsocatalogall,specobjid
qsocatalogall,specqsoconfirmed
qsocatalogall,specqsolargez
qsocatalogall,specqsotargeted
qsocatalogall,specqsounknown
qsocatalogall,targetobjid
qsocatalogall,targetqsotargeted
qsocatalogall,tripleid
qsobunch,bestobjs
qsobunch,bestprimaries
qsobunch,dec
qsobunch,headobjid
qsobunch,headobjtype
qsobunch,ra
qsobunch,specobjs
qsobunch,specprimaries
qsobunch,targetobjs
qsobunch,targetprimaries
psobjall,calibstatus_g
psobjall,calibstatus_i
psobjall,calibstatus_r
psobjall,calibstatus_u
psobjall,calibstatus_z
psobjall,camcol
psobjall,catid
psobjall,colc
psobjall,colcerr
psobjall,dec
psobjall,field
psobjall,obj
psobjall,objid
psobjall,offsetdec_g
psobjall,offsetdec_i
psobjall,offsetdec_r
psobjall,offsetdec_u
psobjall,offsetdec_z
psobjall,offsetra_g
psobjall,offsetra_i
psobjall,offsetra_r
psobjall,offsetra_u
psobjall,offsetra_z
psobjall,pspsfcounts_g
psobjall,pspsfcounts_i
psobjall,pspsfcounts_r
psobjall,pspsfcounts_u
psobjall,pspsfcounts_z
psobjall,pspsfcountserr_g
psobjall,pspsfcountserr_i
psobjall,pspsfcountserr_r
psobjall,pspsfcountserr_u
psobjall,pspsfcountserr_z
psobjall,ra
psobjall,rerun
psobjall,rowc
psobjall,rowcerr
psobjall,run
pairs,rad
pairs,sid1
pairs,sid2
spbsparams,bcamcol
spbsparams,bfield
spbsparams,bobj
spbsparams,brerun
spbsparams,brun
spbsparams,dec
spbsparams,eclass
spbsparams,ecoeff1
spbsparams,ecoeff2
spbsparams,ecoeff3
spbsparams,ecoeff4
spbsparams,ecoeff5
spbsparams,fiberid
spbsparams,mjd
spbsparams,plate
spbsparams,ra
spbsparams,spec_cln
spbsparams,specobjid
spbsparams,spz
spbsparams,spz_conf
spbsparams,spz_status
spbsparams,spz_warning
spbsparams,spzerr
spbsparams,targettype
spbsparams,vel_dis
spbsparams,vel_disperr
spbsparams,zbclass
spbsparams,zbdof
spbsparams,zbelodiesptype
spbsparams,zbrchi2
spbsparams,zbsubclass
spbsparams,zbvdisp
spbsparams,zbvdisperr
spbsparams,zbzwarning
qsoconcordanceall,bestcolc_i
qsoconcordanceall,bestcx
qsoconcordanceall,bestcy
qsoconcordanceall,bestcz
qsoconcordanceall,bestdec
qsoconcordanceall,bestextinction_g
qsoconcordanceall,bestextinction_i
qsoconcordanceall,bestextinction_r
qsoconcordanceall,bestextinction_u
qsoconcordanceall,bestextinction_z
qsoconcordanceall,bestfieldculled
qsoconcordanceall,bestfieldid
qsoconcordanceall,bestfieldmjd
qsoconcordanceall,bestfieldquality
qsoconcordanceall,bestfirstid
qsoconcordanceall,bestfirstpeak
qsoconcordanceall,bestflags
qsoconcordanceall,bestflags_g
qsoconcordanceall,bestflags_i
qsoconcordanceall,bestflags_r
qsoconcordanceall,bestflags_u
qsoconcordanceall,bestflags_z
qsoconcordanceall,bestinsidemask
qsoconcordanceall,bestmi
qsoconcordanceall,bestmode
qsoconcordanceall,bestobjid
qsoconcordanceall,bestprimtarget
qsoconcordanceall,bestpritargfirst
qsoconcordanceall,bestpritarghiz
qsoconcordanceall,bestpritarglowz
qsoconcordanceall,bestpsfmag_g
qsoconcordanceall,bestpsfmag_i
qsoconcordanceall,bestpsfmag_r
qsoconcordanceall,bestpsfmag_u
qsoconcordanceall,bestpsfmag_z
qsoconcordanceall,bestpsfmagerr_g
qsoconcordanceall,bestpsfmagerr_i
qsoconcordanceall,bestpsfmagerr_r
qsoconcordanceall,bestpsfmagerr_u
qsoconcordanceall,bestpsfmagerr_z
qsoconcordanceall,bestqsotargeted
qsoconcordanceall,bestra
qsoconcordanceall,bestrosatcps
qsoconcordanceall,bestrosatid
qsoconcordanceall,bestrowc_i
qsoconcordanceall,besttype
qsoconcordanceall,dist_best_spec
qsoconcordanceall,dist_target_best
qsoconcordanceall,dist_target_spec
qsoconcordanceall,headobjid
qsoconcordanceall,psfmag_g_i_diff
qsoconcordanceall,psfmag_i_diff
qsoconcordanceall,qsoprimary
qsoconcordanceall,specbestobjid
qsoconcordanceall,specclass
qsoconcordanceall,speccx
qsoconcordanceall,speccy
qsoconcordanceall,speccz
qsoconcordanceall,specdec
qsoconcordanceall,specfiberid
qsoconcordanceall,speclineid
qsoconcordanceall,specmaxvelocity
qsoconcordanceall,specmjd
qsoconcordanceall,specobjid
qsoconcordanceall,specplate
qsoconcordanceall,specplatesn1_i
qsoconcordanceall,specplatesn2_i
qsoconcordanceall,specprimtarget
qsoconcordanceall,specqsoconfirmed
qsoconcordanceall,specqsolargez
qsoconcordanceall,specqsotargeted
qsoconcordanceall,specqsounknown
qsoconcordanceall,specra
qsoconcordanceall,specscienceprimary
qsoconcordanceall,spectargetid
qsoconcordanceall,spectargetobjid
qsoconcordanceall,specz
qsoconcordanceall,speczconf
qsoconcordanceall,speczerr
qsoconcordanceall,speczstatus
qsoconcordanceall,speczwarning
qsoconcordanceall,targetcolc_i
qsoconcordanceall,targetcx
qsoconcordanceall,targetcy
qsoconcordanceall,targetcz
qsoconcordanceall,targetdec
qsoconcordanceall,targetextinction_g
qsoconcordanceall,targetextinction_i
qsoconcordanceall,targetextinction_r
qsoconcordanceall,targetextinction_u
qsoconcordanceall,targetextinction_z
qsoconcordanceall,targetfieldculled
qsoconcordanceall,targetfieldid
qsoconcordanceall,targetfieldmjd
qsoconcordanceall,targetfieldquality
qsoconcordanceall,targetfirstid
qsoconcordanceall,targetfirstpeak
qsoconcordanceall,targetflags
qsoconcordanceall,targetflags_g
qsoconcordanceall,targetflags_i
qsoconcordanceall,targetflags_r
qsoconcordanceall,targetflags_u
qsoconcordanceall,targetflags_z
qsoconcordanceall,targetinsidemask
qsoconcordanceall,targetmi
qsoconcordanceall,targetmode
qsoconcordanceall,targetobjid
qsoconcordanceall,targetprimtarget
qsoconcordanceall,targetpritargfirst
qsoconcordanceall,targetpritarghiz
qsoconcordanceall,targetpritarglowz
qsoconcordanceall,targetpsfmag_g
qsoconcordanceall,targetpsfmag_i
qsoconcordanceall,targetpsfmag_r
qsoconcordanceall,targetpsfmag_u
qsoconcordanceall,targetpsfmag_z
qsoconcordanceall,targetpsfmagerr_g
qsoconcordanceall,targetpsfmagerr_i
qsoconcordanceall,targetpsfmagerr_r
qsoconcordanceall,targetpsfmagerr_u
qsoconcordanceall,targetpsfmagerr_z
qsoconcordanceall,targetqsotargeted
qsoconcordanceall,targetra
qsoconcordanceall,targetrosatcps
qsoconcordanceall,targetrosatid
qsoconcordanceall,targetrowc_i
qsoconcordanceall,targetsectorid
qsoconcordanceall,targetstatus
qsoconcordanceall,targettype
qsoconcordanceall,targetuniform
qsoconcordanceall,tripleid
photoobj,b
photoobj,camcol
photoobj,clean
photoobj,colc
photoobj,colc_g
photoobj,colc_i
photoobj,colc_r
photoobj,colc_u
photoobj,colc_z
photoobj,colcerr
photoobj,colcerr_g
photoobj,colcerr_i
photoobj,colcerr_r
photoobj,colcerr_u
photoobj,colcerr_z
photoobj,colv
photoobj,colverr
photoobj,cx
photoobj,cy
photoobj,cz
photoobj,dec
photoobj,decerr
photoobj,dered_g
photoobj,dered_i
photoobj,dered_r
photoobj,dered_u
photoobj,dered_z
photoobj,devab_g
photoobj,devab_i
photoobj,devab_r
photoobj,devab_u
photoobj,devab_z
photoobj,devaberr_g
photoobj,devaberr_i
photoobj,devaberr_r
photoobj,devaberr_u
photoobj,devaberr_z
photoobj,devmag_g
photoobj,devmag_i
photoobj,devmag_r
photoobj,devmag_u
photoobj,devmag_z
photoobj,devmagerr_g
photoobj,devmagerr_i
photoobj,devmagerr_r
photoobj,devmagerr_u
photoobj,devmagerr_z
photoobj,devphi_g
photoobj,devphi_i
photoobj,devphi_r
photoobj,devphi_u
photoobj,devphi_z
photoobj,devphierr_g
photoobj,devphierr_i
photoobj,devphierr_r
photoobj,devphierr_u
photoobj,devphierr_z
photoobj,devrad_g
photoobj,devrad_i
photoobj,devrad_r
photoobj,devrad_u
photoobj,devrad_z
photoobj,devraderr_g
photoobj,devraderr_i
photoobj,devraderr_r
photoobj,devraderr_u
photoobj,devraderr_z
photoobj,err_g
photoobj,err_i
photoobj,err_r
photoobj,err_u
photoobj,err_z
photoobj,expab_g
photoobj,expab_i
photoobj,expab_r
photoobj,expab_u
photoobj,expab_z
photoobj,expaberr_g
photoobj,expaberr_i
photoobj,expaberr_r
photoobj,expaberr_u
photoobj,expaberr_z
photoobj,expmag_g
photoobj,expmag_i
photoobj,expmag_r
photoobj,expmag_u
photoobj,expmag_z
photoobj,expmagerr_g
photoobj,expmagerr_i
photoobj,expmagerr_r
photoobj,expmagerr_u
photoobj,expmagerr_z
photoobj,expphi_g
photoobj,expphi_i
photoobj,expphi_r
photoobj,expphi_u
photoobj,expphi_z
photoobj,expphierr_g
photoobj,expphierr_i
photoobj,expphierr_r
photoobj,expphierr_u
photoobj,expphierr_z
photoobj,exprad_g
photoobj,exprad_i
photoobj,exprad_r
photoobj,exprad_u
photoobj,exprad_z
photoobj,expraderr_g
photoobj,expraderr_i
photoobj,expraderr_r
photoobj,expraderr_u
photoobj,expraderr_z
photoobj,extinction_g
photoobj,extinction_i
photoobj,extinction_r
photoobj,extinction_u
photoobj,extinction_z
photoobj,fibermag_g
photoobj,fibermag_i
photoobj,fibermag_r
photoobj,fibermag_u
photoobj,fibermag_z
photoobj,fibermagerr_g
photoobj,fibermagerr_i
photoobj,fibermagerr_r
photoobj,fibermagerr_u
photoobj,fibermagerr_z
photoobj,field
photoobj,fieldid
photoobj,flags
photoobj,flags_g
photoobj,flags_i
photoobj,flags_r
photoobj,flags_u
photoobj,flags_z
photoobj,fracdev_g
photoobj,fracdev_i
photoobj,fracdev_r
photoobj,fracdev_u
photoobj,fracdev_z
photoobj,g
photoobj,htmid
photoobj,i
photoobj,insidemask
photoobj,isoa_g
photoobj,isoa_i
photoobj,isoa_r
photoobj,isoa_u
photoobj,isoa_z
photoobj,isoaerr_g
photoobj,isoaerr_i
photoobj,isoaerr_r
photoobj,isoaerr_u
photoobj,isoaerr_z
photoobj,isoagrad_g
photoobj,isoagrad_i
photoobj,isoagrad_r
photoobj,isoagrad_u
photoobj,isoagrad_z
photoobj,isob_g
photoobj,isob_i
photoobj,isob_r
photoobj,isob_u
photoobj,isob_z
photoobj,isoberr_g
photoobj,isoberr_i
photoobj,isoberr_r
photoobj,isoberr_u
photoobj,isoberr_z
photoobj,isobgrad_g
photoobj,isobgrad_i
photoobj,isobgrad_r
photoobj,isobgrad_u
photoobj,isobgrad_z
photoobj,isocolc_g
photoobj,isocolc_i
photoobj,isocolc_r
photoobj,isocolc_u
photoobj,isocolc_z
photoobj,isocolcerr_g
photoobj,isocolcerr_i
photoobj,isocolcerr_r
photoobj,isocolcerr_u
photoobj,isocolcerr_z
photoobj,isocolcgrad_g
photoobj,isocolcgrad_i
photoobj,isocolcgrad_r
photoobj,isocolcgrad_u
photoobj,isocolcgrad_z
photoobj,isophi_g
photoobj,isophi_i
photoobj,isophi_r
photoobj,isophi_u
photoobj,isophi_z
photoobj,isophierr_g
photoobj,isophierr_i
photoobj,isophierr_r
photoobj,isophierr_u
photoobj,isophierr_z
photoobj,isophigrad_g
photoobj,isophigrad_i
photoobj,isophigrad_r
photoobj,isophigrad_u
photoobj,isophigrad_z
photoobj,isorowc_g
photoobj,isorowc_i
photoobj,isorowc_r
photoobj,isorowc_u
photoobj,isorowc_z
photoobj,isorowcerr_g
photoobj,isorowcerr_i
photoobj,isorowcerr_r
photoobj,isorowcerr_u
photoobj,isorowcerr_z
photoobj,isorowcgrad_g
photoobj,isorowcgrad_i
photoobj,isorowcgrad_r
photoobj,isorowcgrad_u
photoobj,isorowcgrad_z
photoobj,l
photoobj,lnldev_g
photoobj,lnldev_i
photoobj,lnldev_r
photoobj,lnldev_u
photoobj,lnldev_z
photoobj,lnlexp_g
photoobj,lnlexp_i
photoobj,lnlexp_r
photoobj,lnlexp_u
photoobj,lnlexp_z
photoobj,lnlstar_g
photoobj,lnlstar_i
photoobj,lnlstar_r
photoobj,lnlstar_u
photoobj,lnlstar_z
photoobj,loadversion
photoobj,mcr4_g
photoobj,mcr4_i
photoobj,mcr4_r
photoobj,mcr4_u
photoobj,mcr4_z
photoobj,mcr4psf_g
photoobj,mcr4psf_i
photoobj,mcr4psf_r
photoobj,mcr4psf_u
photoobj,mcr4psf_z
photoobj,me1_g
photoobj,me1_i
photoobj,me1_r
photoobj,me1_u
photoobj,me1_z
photoobj,me1e1err_g
photoobj,me1e1err_i
photoobj,me1e1err_r
photoobj,me1e1err_u
photoobj,me1e1err_z
photoobj,me1e2err_g
photoobj,me1e2err_i
photoobj,me1e2err_r
photoobj,me1e2err_u
photoobj,me1e2err_z
photoobj,me1psf_g
photoobj,me1psf_i
photoobj,me1psf_r
photoobj,me1psf_u
photoobj,me1psf_z
photoobj,me2_g
photoobj,me2_i
photoobj,me2_r
photoobj,me2_u
photoobj,me2_z
photoobj,me2e2err_g
photoobj,me2e2err_i
photoobj,me2e2err_r
photoobj,me2e2err_u
photoobj,me2e2err_z
photoobj,me2psf_g
photoobj,me2psf_i
photoobj,me2psf_r
photoobj,me2psf_u
photoobj,me2psf_z
photoobj,mode
photoobj,modelmag_g
photoobj,modelmag_i
photoobj,modelmag_r
photoobj,modelmag_u
photoobj,modelmag_z
photoobj,modelmagerr_g
photoobj,modelmagerr_i
photoobj,modelmagerr_r
photoobj,modelmagerr_u
photoobj,modelmagerr_z
photoobj,mrrcc_g
photoobj,mrrcc_i
photoobj,mrrcc_r
photoobj,mrrcc_u
photoobj,mrrcc_z
photoobj,mrrccerr_g
photoobj,mrrccerr_i
photoobj,mrrccerr_r
photoobj,mrrccerr_u
photoobj,mrrccerr_z
photoobj,mrrccpsf_g
photoobj,mrrccpsf_i
photoobj,mrrccpsf_r
photoobj,mrrccpsf_u
photoobj,mrrccpsf_z
photoobj,nchild
photoobj,nprof_g
photoobj,nprof_i
photoobj,nprof_r
photoobj,nprof_u
photoobj,nprof_z
photoobj,obj
photoobj,objid
photoobj,offsetdec_g
photoobj,offsetdec_i
photoobj,offsetdec_r
photoobj,offsetdec_u
photoobj,offsetdec_z
photoobj,offsetra_g
photoobj,offsetra_i
photoobj,offsetra_r
photoobj,offsetra_u
photoobj,offsetra_z
photoobj,parentid
photoobj,petromag_g
photoobj,petromag_i
photoobj,petromag_r
photoobj,petromag_u
photoobj,petromag_z
photoobj,petromagerr_g
photoobj,petromagerr_i
photoobj,petromagerr_r
photoobj,petromagerr_u
photoobj,petromagerr_z
photoobj,petror50_g
photoobj,petror50_i
photoobj,petror50_r
photoobj,petror50_u
photoobj,petror50_z
photoobj,petror50err_g
photoobj,petror50err_i
photoobj,petror50err_r
photoobj,petror50err_u
photoobj,petror50err_z
photoobj,petror90_g
photoobj,petror90_i
photoobj,petror90_r
photoobj,petror90_u
photoobj,petror90_z
photoobj,petror90err_g
photoobj,petror90err_i
photoobj,petror90err_r
photoobj,petror90err_u
photoobj,petror90err_z
photoobj,petrorad_g
photoobj,petrorad_i
photoobj,petrorad_r
photoobj,petrorad_u
photoobj,petrorad_z
photoobj,petroraderr_g
photoobj,petroraderr_i
photoobj,petroraderr_r
photoobj,petroraderr_u
photoobj,petroraderr_z
photoobj,primtarget
photoobj,priority
photoobj,probpsf
photoobj,probpsf_g
photoobj,probpsf_i
photoobj,probpsf_r
photoobj,probpsf_u
photoobj,probpsf_z
photoobj,psfmag_g
photoobj,psfmag_i
photoobj,psfmag_r
photoobj,psfmag_u
photoobj,psfmag_z
photoobj,psfmagerr_g
photoobj,psfmagerr_i
photoobj,psfmagerr_r
photoobj,psfmagerr_u
photoobj,psfmagerr_z
photoobj,q_g
photoobj,q_i
photoobj,q_r
photoobj,q_u
photoobj,q_z
photoobj,qerr_g
photoobj,qerr_i
photoobj,qerr_r
photoobj,qerr_u
photoobj,qerr_z
photoobj,r
photoobj,ra
photoobj,radeccorr
photoobj,raerr
photoobj,rerun
photoobj,rho
photoobj,rowc
photoobj,rowc_g
photoobj,rowc_i
photoobj,rowc_r
photoobj,rowc_u
photoobj,rowc_z
photoobj,rowcerr
photoobj,rowcerr_g
photoobj,rowcerr_i
photoobj,rowcerr_r
photoobj,rowcerr_u
photoobj,rowcerr_z
photoobj,rowv
photoobj,rowverr
photoobj,run
photoobj,sectarget
photoobj,segueprimtarget
photoobj,seguesectarget
photoobj,sky_g
photoobj,sky_i
photoobj,sky_r
photoobj,sky_u
photoobj,sky_z
photoobj,skyerr_g
photoobj,skyerr_i
photoobj,skyerr_r
photoobj,skyerr_u
photoobj,skyerr_z
photoobj,skyversion
photoobj,specobjid
photoobj,status
photoobj,texture_g
photoobj,texture_i
photoobj,texture_r
photoobj,texture_u
photoobj,texture_z
photoobj,type
photoobj,type_g
photoobj,type_i
photoobj,type_r
photoobj,type_u
photoobj,type_z
photoobj,u
photoobj,u_g
photoobj,u_i
photoobj,u_r
photoobj,u_u
photoobj,u_z
photoobj,uerr_g
photoobj,uerr_i
photoobj,uerr_r
photoobj,uerr_u
photoobj,uerr_z
photoobj,z
pairs_alt,rad
pairs_alt,sid1
pairs_alt,sid2
photoauxall,b
photoauxall,decerr
photoauxall,l
photoauxall,mode
photoauxall,objid
photoauxall,radeccorr
photoauxall,raerr
phototag,camcol
phototag,cx
phototag,cy
phototag,cz
phototag,dec
phototag,extinction_g
phototag,extinction_i
phototag,extinction_r
phototag,extinction_u
phototag,extinction_z
phototag,field
phototag,fieldid
phototag,flags
phototag,htmid
phototag,insidemask
phototag,lnldev_r
phototag,lnlexp_r
phototag,lnlstar_r
phototag,mode
phototag,modelmag_g
phototag,modelmag_i
phototag,modelmag_r
phototag,modelmag_u
phototag,modelmag_z
phototag,modelmagerr_g
phototag,modelmagerr_i
phototag,modelmagerr_r
phototag,modelmagerr_u
phototag,modelmagerr_z
phototag,mrrcc_r
phototag,mrrccerr_r
phototag,nchild
phototag,obj
phototag,objid
phototag,petromag_g
phototag,petromag_i
phototag,petromag_r
phototag,petromag_u
phototag,petromag_z
phototag,petromagerr_g
phototag,petromagerr_i
phototag,petromagerr_r
phototag,petromagerr_u
phototag,petromagerr_z
phototag,petror50_r
phototag,petror90_r
phototag,primtarget
phototag,probpsf
phototag,psfmag_g
phototag,psfmag_i
phototag,psfmag_r
phototag,psfmag_u
phototag,psfmag_z
phototag,psfmagerr_g
phototag,psfmagerr_i
phototag,psfmagerr_r
phototag,psfmagerr_u
phototag,psfmagerr_z
phototag,ra
phototag,rerun
phototag,run
phototag,sectarget
phototag,size
phototag,skyversion
phototag,specobjid
phototag,status
phototag,type
photoaux,b
photoaux,decerr
photoaux,l
photoaux,mode
photoaux,objid
photoaux,radeccorr
photoaux,raerr
origfield,a_g
origfield,a_i
origfield,a_r
origfield,a_u
origfield,a_z
origfield,aa_g
origfield,aa_i
origfield,aa_r
origfield,aa_u
origfield,aa_z
origfield,aaerr_g
origfield,aaerr_i
origfield,aaerr_r
origfield,aaerr_u
origfield,aaerr_z
origfield,acceptablemask
origfield,airmass_g
origfield,airmass_i
origfield,airmass_r
origfield,airmass_u
origfield,airmass_z
origfield,b_g
origfield,b_i
origfield,b_r
origfield,b_u
origfield,b_z
origfield,badmask
origfield,bb_g
origfield,bb_i
origfield,bb_r
origfield,bb_u
origfield,bb_z
origfield,bberr_g
origfield,bberr_i
origfield,bberr_r
origfield,bberr_u
origfield,bberr_z
origfield,c_g
origfield,c_i
origfield,c_r
origfield,c_u
origfield,c_z
origfield,camcol
origfield,cc_g
origfield,cc_i
origfield,cc_r
origfield,cc_u
origfield,cc_z
origfield,cccol_g
origfield,cccol_i
origfield,cccol_r
origfield,cccol_u
origfield,cccol_z
origfield,ccerr_g
origfield,ccerr_i
origfield,ccerr_r
origfield,ccerr_u
origfield,ccerr_z
origfield,ccrow_g
origfield,ccrow_i
origfield,ccrow_r
origfield,ccrow_u
origfield,ccrow_z
origfield,coloffset_g
origfield,coloffset_i
origfield,coloffset_r
origfield,coloffset_u
origfield,coloffset_z
origfield,cscol_g
origfield,cscol_i
origfield,cscol_r
origfield,cscol_u
origfield,cscol_z
origfield,csrow_g
origfield,csrow_i
origfield,csrow_r
origfield,csrow_u
origfield,csrow_z
origfield,culled
origfield,d_g
origfield,d_i
origfield,d_r
origfield,d_u
origfield,d_z
origfield,darkvariance_g
origfield,darkvariance_i
origfield,darkvariance_r
origfield,darkvariance_u
origfield,darkvariance_z
origfield,dcol0_g
origfield,dcol0_i
origfield,dcol0_r
origfield,dcol0_u
origfield,dcol0_z
origfield,dcol1_g
origfield,dcol1_i
origfield,dcol1_r
origfield,dcol1_u
origfield,dcol1_z
origfield,dcol2_g
origfield,dcol2_i
origfield,dcol2_r
origfield,dcol2_u
origfield,dcol2_z
origfield,dcol3_g
origfield,dcol3_i
origfield,dcol3_r
origfield,dcol3_u
origfield,dcol3_z
origfield,decmax
origfield,decmin
origfield,devapcorrection_g
origfield,devapcorrection_i
origfield,devapcorrection_r
origfield,devapcorrection_u
origfield,devapcorrection_z
origfield,devapcorrectionerr_g
origfield,devapcorrectionerr_i
origfield,devapcorrectionerr_r
origfield,devapcorrectionerr_u
origfield,devapcorrectionerr_z
origfield,devmodelapcorrection_g
origfield,devmodelapcorrection_i
origfield,devmodelapcorrection_r
origfield,devmodelapcorrection_u
origfield,devmodelapcorrection_z
origfield,devmodelapcorrectionerr_g
origfield,devmodelapcorrectionerr_i
origfield,devmodelapcorrectionerr_r
origfield,devmodelapcorrectionerr_u
origfield,devmodelapcorrectionerr_z
origfield,drow0_g
origfield,drow0_i
origfield,drow0_r
origfield,drow0_u
origfield,drow0_z
origfield,drow1_g
origfield,drow1_i
origfield,drow1_r
origfield,drow1_u
origfield,drow1_z
origfield,drow2_g
origfield,drow2_i
origfield,drow2_r
origfield,drow2_u
origfield,drow2_z
origfield,drow3_g
origfield,drow3_i
origfield,drow3_r
origfield,drow3_u
origfield,drow3_z
origfield,e_g
origfield,e_i
origfield,e_r
origfield,e_u
origfield,e_z
origfield,expapcorrection_g
origfield,expapcorrection_i
origfield,expapcorrection_r
origfield,expapcorrection_u
origfield,expapcorrection_z
origfield,expapcorrectionerr_g
origfield,expapcorrectionerr_i
origfield,expapcorrectionerr_r
origfield,expapcorrectionerr_u
origfield,expapcorrectionerr_z
origfield,expmodelapcorrection_g
origfield,expmodelapcorrection_i
origfield,expmodelapcorrection_r
origfield,expmodelapcorrection_u
origfield,expmodelapcorrection_z
origfield,expmodelapcorrectionerr_g
origfield,expmodelapcorrectionerr_i
origfield,expmodelapcorrectionerr_r
origfield,expmodelapcorrectionerr_u
origfield,expmodelapcorrectionerr_z
origfield,f_g
origfield,f_i
origfield,f_r
origfield,f_u
origfield,f_z
origfield,field
origfield,fieldid
origfield,framesstatus
origfield,gain_g
origfield,gain_i
origfield,gain_r
origfield,gain_u
origfield,gain_z
origfield,goodmask
origfield,holemask
origfield,kk_g
origfield,kk_i
origfield,kk_r
origfield,kk_u
origfield,kk_z
origfield,kkerr_g
origfield,kkerr_i
origfield,kkerr_r
origfield,kkerr_u
origfield,kkerr_z
origfield,lbias_g
origfield,lbias_i
origfield,lbias_r
origfield,lbias_u
origfield,lbias_z
origfield,loadversion
origfield,medianfibercolor_g
origfield,medianfibercolor_i
origfield,medianfibercolor_r
origfield,medianfibercolor_u
origfield,medianfibercolor_z
origfield,medianpsfcolor_g
origfield,medianpsfcolor_i
origfield,medianpsfcolor_r
origfield,medianpsfcolor_u
origfield,medianpsfcolor_z
origfield,mjd_g
origfield,mjd_i
origfield,mjd_r
origfield,mjd_u
origfield,mjd_z
origfield,muerr_g
origfield,muerr_i
origfield,muerr_r
origfield,muerr_u
origfield,muerr_z
origfield,nbrightobj_g
origfield,nbrightobj_i
origfield,nbrightobj_r
origfield,nbrightobj_u
origfield,nbrightobj_z
origfield,nchild
origfield,ncr_g
origfield,ncr_i
origfield,ncr_r
origfield,ncr_u
origfield,ncr_z
origfield,neffpsf_g
origfield,neffpsf_i
origfield,neffpsf_r
origfield,neffpsf_u
origfield,neffpsf_z
origfield,nfaintobj_g
origfield,nfaintobj_i
origfield,nfaintobj_r
origfield,nfaintobj_u
origfield,nfaintobj_z
origfield,ngalaxy
origfield,nobjects
origfield,nprof_g
origfield,nprof_i
origfield,nprof_r
origfield,nprof_u
origfield,nprof_z
origfield,nstars
origfield,nuerr_g
origfield,nuerr_i
origfield,nuerr_r
origfield,nuerr_u
origfield,nuerr_z
origfield,numstars_g
origfield,numstars_i
origfield,numstars_r
origfield,numstars_u
origfield,numstars_z
origfield,psf2gb_g
origfield,psf2gb_i
origfield,psf2gb_r
origfield,psf2gb_u
origfield,psf2gb_z
origfield,psf2gsigma1_g
origfield,psf2gsigma1_i
origfield,psf2gsigma1_r
origfield,psf2gsigma1_u
origfield,psf2gsigma1_z
origfield,psf2gsigma2_g
origfield,psf2gsigma2_i
origfield,psf2gsigma2_r
origfield,psf2gsigma2_u
origfield,psf2gsigma2_z
origfield,psfapcorrectionerr_g
origfield,psfapcorrectionerr_i
origfield,psfapcorrectionerr_r
origfield,psfapcorrectionerr_u
origfield,psfapcorrectionerr_z
origfield,psfb_g
origfield,psfb_i
origfield,psfb_r
origfield,psfb_u
origfield,psfb_z
origfield,psfbeta_g
origfield,psfbeta_i
origfield,psfbeta_r
origfield,psfbeta_u
origfield,psfbeta_z
origfield,psfcounts_g
origfield,psfcounts_i
origfield,psfcounts_r
origfield,psfcounts_u
origfield,psfcounts_z
origfield,psfnstar_g
origfield,psfnstar_i
origfield,psfnstar_r
origfield,psfnstar_u
origfield,psfnstar_z
origfield,psfp0_g
origfield,psfp0_i
origfield,psfp0_r
origfield,psfp0_u
origfield,psfp0_z
origfield,psfpsfcounts_g
origfield,psfpsfcounts_i
origfield,psfpsfcounts_r
origfield,psfpsfcounts_u
origfield,psfpsfcounts_z
origfield,psfsigma1_g
origfield,psfsigma1_i
origfield,psfsigma1_r
origfield,psfsigma1_u
origfield,psfsigma1_z
origfield,psfsigma2_g
origfield,psfsigma2_i
origfield,psfsigma2_r
origfield,psfsigma2_u
origfield,psfsigma2_z
origfield,psfsigmap_g
origfield,psfsigmap_i
origfield,psfsigmap_r
origfield,psfsigmap_u
origfield,psfsigmap_z
origfield,psfwidth_g
origfield,psfwidth_i
origfield,psfwidth_r
origfield,psfwidth_u
origfield,psfwidth_z
origfield,pspstatus
origfield,q_g
origfield,q_i
origfield,q_r
origfield,q_u
origfield,q_z
origfield,quality
origfield,ramax
origfield,ramin
origfield,rbias_g
origfield,rbias_i
origfield,rbias_r
origfield,rbias_u
origfield,rbias_z
origfield,rerun
origfield,ricut_g
origfield,ricut_i
origfield,ricut_r
origfield,ricut_u
origfield,ricut_z
origfield,rowoffset_g
origfield,rowoffset_i
origfield,rowoffset_r
origfield,rowoffset_u
origfield,rowoffset_z
origfield,run
origfield,saturationlevel_g
origfield,saturationlevel_i
origfield,saturationlevel_r
origfield,saturationlevel_u
origfield,saturationlevel_z
origfield,scanlinearea
origfield,segmentid
origfield,seqid
origfield,sigpix_g
origfield,sigpix_i
origfield,sigpix_r
origfield,sigpix_u
origfield,sigpix_z
origfield,sky_g
origfield,sky_i
origfield,sky_r
origfield,sky_u
origfield,sky_z
origfield,skyerr_g
origfield,skyerr_i
origfield,skyerr_r
origfield,skyerr_u
origfield,skyerr_z
origfield,skyframes_g
origfield,skyframes_i
origfield,skyframes_r
origfield,skyframes_u
origfield,skyframes_z
origfield,skyframessub_g
origfield,skyframessub_i
origfield,skyframessub_r
origfield,skyframessub_u
origfield,skyframessub_z
origfield,skypsp_g
origfield,skypsp_i
origfield,skypsp_r
origfield,skypsp_u
origfield,skypsp_z
origfield,skysig_g
origfield,skysig_i
origfield,skysig_r
origfield,skysig_u
origfield,skysig_z
origfield,skyslope_g
origfield,skyslope_i
origfield,skyslope_r
origfield,skyslope_u
origfield,skyslope_z
origfield,skyversion
origfield,status_g
origfield,status_i
origfield,status_r
origfield,status_u
origfield,status_z
origfield,stripearea
origfield,u_g
origfield,u_i
origfield,u_r
origfield,u_u
origfield,u_z
photoprimary,b
photoprimary,camcol
photoprimary,clean
photoprimary,colc
photoprimary,colc_g
photoprimary,colc_i
photoprimary,colc_r
photoprimary,colc_u
photoprimary,colc_z
photoprimary,colcerr
photoprimary,colcerr_g
photoprimary,colcerr_i
photoprimary,colcerr_r
photoprimary,colcerr_u
photoprimary,colcerr_z
photoprimary,colv
photoprimary,colverr
photoprimary,cx
photoprimary,cy
photoprimary,cz
photoprimary,dec
photoprimary,decerr
photoprimary,dered_g
photoprimary,dered_i
photoprimary,dered_r
photoprimary,dered_u
photoprimary,dered_z
photoprimary,devab_g
photoprimary,devab_i
photoprimary,devab_r
photoprimary,devab_u
photoprimary,devab_z
photoprimary,devaberr_g
photoprimary,devaberr_i
photoprimary,devaberr_r
photoprimary,devaberr_u
photoprimary,devaberr_z
photoprimary,devmag_g
photoprimary,devmag_i
photoprimary,devmag_r
photoprimary,devmag_u
photoprimary,devmag_z
photoprimary,devmagerr_g
photoprimary,devmagerr_i
photoprimary,devmagerr_r
photoprimary,devmagerr_u
photoprimary,devmagerr_z
photoprimary,devphi_g
photoprimary,devphi_i
photoprimary,devphi_r
photoprimary,devphi_u
photoprimary,devphi_z
photoprimary,devphierr_g
photoprimary,devphierr_i
photoprimary,devphierr_r
photoprimary,devphierr_u
photoprimary,devphierr_z
photoprimary,devrad_g
photoprimary,devrad_i
photoprimary,devrad_r
photoprimary,devrad_u
photoprimary,devrad_z
photoprimary,devraderr_g
photoprimary,devraderr_i
photoprimary,devraderr_r
photoprimary,devraderr_u
photoprimary,devraderr_z
photoprimary,err_g
photoprimary,err_i
photoprimary,err_r
photoprimary,err_u
photoprimary,err_z
photoprimary,expab_g
photoprimary,expab_i
photoprimary,expab_r
photoprimary,expab_u
photoprimary,expab_z
photoprimary,expaberr_g
photoprimary,expaberr_i
photoprimary,expaberr_r
photoprimary,expaberr_u
photoprimary,expaberr_z
photoprimary,expmag_g
photoprimary,expmag_i
photoprimary,expmag_r
photoprimary,expmag_u
photoprimary,expmag_z
photoprimary,expmagerr_g
photoprimary,expmagerr_i
photoprimary,expmagerr_r
photoprimary,expmagerr_u
photoprimary,expmagerr_z
photoprimary,expphi_g
photoprimary,expphi_i
photoprimary,expphi_r
photoprimary,expphi_u
photoprimary,expphi_z
photoprimary,expphierr_g
photoprimary,expphierr_i
photoprimary,expphierr_r
photoprimary,expphierr_u
photoprimary,expphierr_z
photoprimary,exprad_g
photoprimary,exprad_i
photoprimary,exprad_r
photoprimary,exprad_u
photoprimary,exprad_z
photoprimary,expraderr_g
photoprimary,expraderr_i
photoprimary,expraderr_r
photoprimary,expraderr_u
photoprimary,expraderr_z
photoprimary,extinction_g
photoprimary,extinction_i
photoprimary,extinction_r
photoprimary,extinction_u
photoprimary,extinction_z
photoprimary,fibermag_g
photoprimary,fibermag_i
photoprimary,fibermag_r
photoprimary,fibermag_u
photoprimary,fibermag_z
photoprimary,fibermagerr_g
photoprimary,fibermagerr_i
photoprimary,fibermagerr_r
photoprimary,fibermagerr_u
photoprimary,fibermagerr_z
photoprimary,field
photoprimary,fieldid
photoprimary,flags
photoprimary,flags_g
photoprimary,flags_i
photoprimary,flags_r
photoprimary,flags_u
photoprimary,flags_z
photoprimary,fracdev_g
photoprimary,fracdev_i
photoprimary,fracdev_r
photoprimary,fracdev_u
photoprimary,fracdev_z
photoprimary,g
photoprimary,htmid
photoprimary,i
photoprimary,insidemask
photoprimary,isoa_g
photoprimary,isoa_i
photoprimary,isoa_r
photoprimary,isoa_u
photoprimary,isoa_z
photoprimary,isoaerr_g
photoprimary,isoaerr_i
photoprimary,isoaerr_r
photoprimary,isoaerr_u
photoprimary,isoaerr_z
photoprimary,isoagrad_g
photoprimary,isoagrad_i
photoprimary,isoagrad_r
photoprimary,isoagrad_u
photoprimary,isoagrad_z
photoprimary,isob_g
photoprimary,isob_i
photoprimary,isob_r
photoprimary,isob_u
photoprimary,isob_z
photoprimary,isoberr_g
photoprimary,isoberr_i
photoprimary,isoberr_r
photoprimary,isoberr_u
photoprimary,isoberr_z
photoprimary,isobgrad_g
photoprimary,isobgrad_i
photoprimary,isobgrad_r
photoprimary,isobgrad_u
photoprimary,isobgrad_z
photoprimary,isocolc_g
photoprimary,isocolc_i
photoprimary,isocolc_r
photoprimary,isocolc_u
photoprimary,isocolc_z
photoprimary,isocolcerr_g
photoprimary,isocolcerr_i
photoprimary,isocolcerr_r
photoprimary,isocolcerr_u
photoprimary,isocolcerr_z
photoprimary,isocolcgrad_g
photoprimary,isocolcgrad_i
photoprimary,isocolcgrad_r
photoprimary,isocolcgrad_u
photoprimary,isocolcgrad_z
photoprimary,isophi_g
photoprimary,isophi_i
photoprimary,isophi_r
photoprimary,isophi_u
photoprimary,isophi_z
photoprimary,isophierr_g
photoprimary,isophierr_i
photoprimary,isophierr_r
photoprimary,isophierr_u
photoprimary,isophierr_z
photoprimary,isophigrad_g
photoprimary,isophigrad_i
photoprimary,isophigrad_r
photoprimary,isophigrad_u
photoprimary,isophigrad_z
photoprimary,isorowc_g
photoprimary,isorowc_i
photoprimary,isorowc_r
photoprimary,isorowc_u
photoprimary,isorowc_z
photoprimary,isorowcerr_g
photoprimary,isorowcerr_i
photoprimary,isorowcerr_r
photoprimary,isorowcerr_u
photoprimary,isorowcerr_z
photoprimary,isorowcgrad_g
photoprimary,isorowcgrad_i
photoprimary,isorowcgrad_r
photoprimary,isorowcgrad_u
photoprimary,isorowcgrad_z
photoprimary,l
photoprimary,lnldev_g
photoprimary,lnldev_i
photoprimary,lnldev_r
photoprimary,lnldev_u
photoprimary,lnldev_z
photoprimary,lnlexp_g
photoprimary,lnlexp_i
photoprimary,lnlexp_r
photoprimary,lnlexp_u
photoprimary,lnlexp_z
photoprimary,lnlstar_g
photoprimary,lnlstar_i
photoprimary,lnlstar_r
photoprimary,lnlstar_u
photoprimary,lnlstar_z
photoprimary,loadversion
photoprimary,mcr4_g
photoprimary,mcr4_i
photoprimary,mcr4_r
photoprimary,mcr4_u
photoprimary,mcr4_z
photoprimary,mcr4psf_g
photoprimary,mcr4psf_i
photoprimary,mcr4psf_r
photoprimary,mcr4psf_u
photoprimary,mcr4psf_z
photoprimary,me1_g
photoprimary,me1_i
photoprimary,me1_r
photoprimary,me1_u
photoprimary,me1_z
photoprimary,me1e1err_g
photoprimary,me1e1err_i
photoprimary,me1e1err_r
photoprimary,me1e1err_u
photoprimary,me1e1err_z
photoprimary,me1e2err_g
photoprimary,me1e2err_i
photoprimary,me1e2err_r
photoprimary,me1e2err_u
photoprimary,me1e2err_z
photoprimary,me1psf_g
photoprimary,me1psf_i
photoprimary,me1psf_r
photoprimary,me1psf_u
photoprimary,me1psf_z
photoprimary,me2_g
photoprimary,me2_i
photoprimary,me2_r
photoprimary,me2_u
photoprimary,me2_z
photoprimary,me2e2err_g
photoprimary,me2e2err_i
photoprimary,me2e2err_r
photoprimary,me2e2err_u
photoprimary,me2e2err_z
photoprimary,me2psf_g
photoprimary,me2psf_i
photoprimary,me2psf_r
photoprimary,me2psf_u
photoprimary,me2psf_z
photoprimary,mode
photoprimary,modelmag_g
photoprimary,modelmag_i
photoprimary,modelmag_r
photoprimary,modelmag_u
photoprimary,modelmag_z
photoprimary,modelmagerr_g
photoprimary,modelmagerr_i
photoprimary,modelmagerr_r
photoprimary,modelmagerr_u
photoprimary,modelmagerr_z
photoprimary,mrrcc_g
photoprimary,mrrcc_i
photoprimary,mrrcc_r
photoprimary,mrrcc_u
photoprimary,mrrcc_z
photoprimary,mrrccerr_g
photoprimary,mrrccerr_i
photoprimary,mrrccerr_r
photoprimary,mrrccerr_u
photoprimary,mrrccerr_z
photoprimary,mrrccpsf_g
photoprimary,mrrccpsf_i
photoprimary,mrrccpsf_r
photoprimary,mrrccpsf_u
photoprimary,mrrccpsf_z
photoprimary,nchild
photoprimary,nprof_g
photoprimary,nprof_i
photoprimary,nprof_r
photoprimary,nprof_u
photoprimary,nprof_z
photoprimary,obj
photoprimary,objid
photoprimary,offsetdec_g
photoprimary,offsetdec_i
photoprimary,offsetdec_r
photoprimary,offsetdec_u
photoprimary,offsetdec_z
photoprimary,offsetra_g
photoprimary,offsetra_i
photoprimary,offsetra_r
photoprimary,offsetra_u
photoprimary,offsetra_z
photoprimary,parentid
photoprimary,petromag_g
photoprimary,petromag_i
photoprimary,petromag_r
photoprimary,petromag_u
photoprimary,petromag_z
photoprimary,petromagerr_g
photoprimary,petromagerr_i
photoprimary,petromagerr_r
photoprimary,petromagerr_u
photoprimary,petromagerr_z
photoprimary,petror50_g
photoprimary,petror50_i
photoprimary,petror50_r
photoprimary,petror50_u
photoprimary,petror50_z
photoprimary,petror50err_g
photoprimary,petror50err_i
photoprimary,petror50err_r
photoprimary,petror50err_u
photoprimary,petror50err_z
photoprimary,petror90_g
photoprimary,petror90_i
photoprimary,petror90_r
photoprimary,petror90_u
photoprimary,petror90_z
photoprimary,petror90err_g
photoprimary,petror90err_i
photoprimary,petror90err_r
photoprimary,petror90err_u
photoprimary,petror90err_z
photoprimary,petrorad_g
photoprimary,petrorad_i
photoprimary,petrorad_r
photoprimary,petrorad_u
photoprimary,petrorad_z
photoprimary,petroraderr_g
photoprimary,petroraderr_i
photoprimary,petroraderr_r
photoprimary,petroraderr_u
photoprimary,petroraderr_z
photoprimary,primtarget
photoprimary,priority
photoprimary,probpsf
photoprimary,probpsf_g
photoprimary,probpsf_i
photoprimary,probpsf_r
photoprimary,probpsf_u
photoprimary,probpsf_z
photoprimary,psfmag_g
photoprimary,psfmag_i
photoprimary,psfmag_r
photoprimary,psfmag_u
photoprimary,psfmag_z
photoprimary,psfmagerr_g
photoprimary,psfmagerr_i
photoprimary,psfmagerr_r
photoprimary,psfmagerr_u
photoprimary,psfmagerr_z
photoprimary,q_g
photoprimary,q_i
photoprimary,q_r
photoprimary,q_u
photoprimary,q_z
photoprimary,qerr_g
photoprimary,qerr_i
photoprimary,qerr_r
photoprimary,qerr_u
photoprimary,qerr_z
photoprimary,r
photoprimary,ra
photoprimary,radeccorr
photoprimary,raerr
photoprimary,rerun
photoprimary,rho
photoprimary,rowc
photoprimary,rowc_g
photoprimary,rowc_i
photoprimary,rowc_r
photoprimary,rowc_u
photoprimary,rowc_z
photoprimary,rowcerr
photoprimary,rowcerr_g
photoprimary,rowcerr_i
photoprimary,rowcerr_r
photoprimary,rowcerr_u
photoprimary,rowcerr_z
photoprimary,rowv
photoprimary,rowverr
photoprimary,run
photoprimary,sectarget
photoprimary,segueprimtarget
photoprimary,seguesectarget
photoprimary,sky_g
photoprimary,sky_i
photoprimary,sky_r
photoprimary,sky_u
photoprimary,sky_z
photoprimary,skyerr_g
photoprimary,skyerr_i
photoprimary,skyerr_r
photoprimary,skyerr_u
photoprimary,skyerr_z
photoprimary,skyversion
photoprimary,specobjid
photoprimary,status
photoprimary,texture_g
photoprimary,texture_i
photoprimary,texture_r
photoprimary,texture_u
photoprimary,texture_z
photoprimary,type
photoprimary,type_g
photoprimary,type_i
photoprimary,type_r
photoprimary,type_u
photoprimary,type_z
photoprimary,u
photoprimary,u_g
photoprimary,u_i
photoprimary,u_r
photoprimary,u_u
photoprimary,u_z
photoprimary,uerr_g
photoprimary,uerr_i
photoprimary,uerr_r
photoprimary,uerr_u
photoprimary,uerr_z
photoprimary,z
origphotoobjall,camcol
origphotoobjall,cx
origphotoobjall,cy
origphotoobjall,cz
origphotoobjall,dec
origphotoobjall,decerr
origphotoobjall,field
origphotoobjall,mode
origphotoobjall,modelmag_g
origphotoobjall,modelmag_i
origphotoobjall,modelmag_r
origphotoobjall,modelmag_u
origphotoobjall,modelmag_z
origphotoobjall,modelmagerr_g
origphotoobjall,modelmagerr_i
origphotoobjall,modelmagerr_r
origphotoobjall,modelmagerr_u
origphotoobjall,modelmagerr_z
origphotoobjall,obj
origphotoobjall,objid
origphotoobjall,psfmag_g
origphotoobjall,psfmag_i
origphotoobjall,psfmag_r
origphotoobjall,psfmag_u
origphotoobjall,psfmag_z
origphotoobjall,psfmagerr_g
origphotoobjall,psfmagerr_i
origphotoobjall,psfmagerr_r
origphotoobjall,psfmagerr_u
origphotoobjall,psfmagerr_z
origphotoobjall,ra
origphotoobjall,radeccorr
origphotoobjall,raerr
origphotoobjall,rerun
origphotoobjall,run
photosecondary,b
photosecondary,camcol
photosecondary,clean
photosecondary,colc
photosecondary,colc_g
photosecondary,colc_i
photosecondary,colc_r
photosecondary,colc_u
photosecondary,colc_z
photosecondary,colcerr
photosecondary,colcerr_g
photosecondary,colcerr_i
photosecondary,colcerr_r
photosecondary,colcerr_u
photosecondary,colcerr_z
photosecondary,colv
photosecondary,colverr
photosecondary,cx
photosecondary,cy
photosecondary,cz
photosecondary,dec
photosecondary,decerr
photosecondary,dered_g
photosecondary,dered_i
photosecondary,dered_r
photosecondary,dered_u
photosecondary,dered_z
photosecondary,devab_g
photosecondary,devab_i
photosecondary,devab_r
photosecondary,devab_u
photosecondary,devab_z
photosecondary,devaberr_g
photosecondary,devaberr_i
photosecondary,devaberr_r
photosecondary,devaberr_u
photosecondary,devaberr_z
photosecondary,devmag_g
photosecondary,devmag_i
photosecondary,devmag_r
photosecondary,devmag_u
photosecondary,devmag_z
photosecondary,devmagerr_g
photosecondary,devmagerr_i
photosecondary,devmagerr_r
photosecondary,devmagerr_u
photosecondary,devmagerr_z
photosecondary,devphi_g
photosecondary,devphi_i
photosecondary,devphi_r
photosecondary,devphi_u
photosecondary,devphi_z
photosecondary,devphierr_g
photosecondary,devphierr_i
photosecondary,devphierr_r
photosecondary,devphierr_u
photosecondary,devphierr_z
photosecondary,devrad_g
photosecondary,devrad_i
photosecondary,devrad_r
photosecondary,devrad_u
photosecondary,devrad_z
photosecondary,devraderr_g
photosecondary,devraderr_i
photosecondary,devraderr_r
photosecondary,devraderr_u
photosecondary,devraderr_z
photosecondary,err_g
photosecondary,err_i
photosecondary,err_r
photosecondary,err_u
photosecondary,err_z
photosecondary,expab_g
photosecondary,expab_i
photosecondary,expab_r
photosecondary,expab_u
photosecondary,expab_z
photosecondary,expaberr_g
photosecondary,expaberr_i
photosecondary,expaberr_r
photosecondary,expaberr_u
photosecondary,expaberr_z
photosecondary,expmag_g
photosecondary,expmag_i
photosecondary,expmag_r
photosecondary,expmag_u
photosecondary,expmag_z
photosecondary,expmagerr_g
photosecondary,expmagerr_i
photosecondary,expmagerr_r
photosecondary,expmagerr_u
photosecondary,expmagerr_z
photosecondary,expphi_g
photosecondary,expphi_i
photosecondary,expphi_r
photosecondary,expphi_u
photosecondary,expphi_z
photosecondary,expphierr_g
photosecondary,expphierr_i
photosecondary,expphierr_r
photosecondary,expphierr_u
photosecondary,expphierr_z
photosecondary,exprad_g
photosecondary,exprad_i
photosecondary,exprad_r
photosecondary,exprad_u
photosecondary,exprad_z
photosecondary,expraderr_g
photosecondary,expraderr_i
photosecondary,expraderr_r
photosecondary,expraderr_u
photosecondary,expraderr_z
photosecondary,extinction_g
photosecondary,extinction_i
photosecondary,extinction_r
photosecondary,extinction_u
photosecondary,extinction_z
photosecondary,fibermag_g
photosecondary,fibermag_i
photosecondary,fibermag_r
photosecondary,fibermag_u
photosecondary,fibermag_z
photosecondary,fibermagerr_g
photosecondary,fibermagerr_i
photosecondary,fibermagerr_r
photosecondary,fibermagerr_u
photosecondary,fibermagerr_z
photosecondary,field
photosecondary,fieldid
photosecondary,flags
photosecondary,flags_g
photosecondary,flags_i
photosecondary,flags_r
photosecondary,flags_u
photosecondary,flags_z
photosecondary,fracdev_g
photosecondary,fracdev_i
photosecondary,fracdev_r
photosecondary,fracdev_u
photosecondary,fracdev_z
photosecondary,g
photosecondary,htmid
photosecondary,i
photosecondary,insidemask
photosecondary,isoa_g
photosecondary,isoa_i
photosecondary,isoa_r
photosecondary,isoa_u
photosecondary,isoa_z
photosecondary,isoaerr_g
photosecondary,isoaerr_i
photosecondary,isoaerr_r
photosecondary,isoaerr_u
photosecondary,isoaerr_z
photosecondary,isoagrad_g
photosecondary,isoagrad_i
photosecondary,isoagrad_r
photosecondary,isoagrad_u
photosecondary,isoagrad_z
photosecondary,isob_g
photosecondary,isob_i
photosecondary,isob_r
photosecondary,isob_u
photosecondary,isob_z
photosecondary,isoberr_g
photosecondary,isoberr_i
photosecondary,isoberr_r
photosecondary,isoberr_u
photosecondary,isoberr_z
photosecondary,isobgrad_g
photosecondary,isobgrad_i
photosecondary,isobgrad_r
photosecondary,isobgrad_u
photosecondary,isobgrad_z
photosecondary,isocolc_g
photosecondary,isocolc_i
photosecondary,isocolc_r
photosecondary,isocolc_u
photosecondary,isocolc_z
photosecondary,isocolcerr_g
photosecondary,isocolcerr_i
photosecondary,isocolcerr_r
photosecondary,isocolcerr_u
photosecondary,isocolcerr_z
photosecondary,isocolcgrad_g
photosecondary,isocolcgrad_i
photosecondary,isocolcgrad_r
photosecondary,isocolcgrad_u
photosecondary,isocolcgrad_z
photosecondary,isophi_g
photosecondary,isophi_i
photosecondary,isophi_r
photosecondary,isophi_u
photosecondary,isophi_z
photosecondary,isophierr_g
photosecondary,isophierr_i
photosecondary,isophierr_r
photosecondary,isophierr_u
photosecondary,isophierr_z
photosecondary,isophigrad_g
photosecondary,isophigrad_i
photosecondary,isophigrad_r
photosecondary,isophigrad_u
photosecondary,isophigrad_z
photosecondary,isorowc_g
photosecondary,isorowc_i
photosecondary,isorowc_r
photosecondary,isorowc_u
photosecondary,isorowc_z
photosecondary,isorowcerr_g
photosecondary,isorowcerr_i
photosecondary,isorowcerr_r
photosecondary,isorowcerr_u
photosecondary,isorowcerr_z
photosecondary,isorowcgrad_g
photosecondary,isorowcgrad_i
photosecondary,isorowcgrad_r
photosecondary,isorowcgrad_u
photosecondary,isorowcgrad_z
photosecondary,l
photosecondary,lnldev_g
photosecondary,lnldev_i
photosecondary,lnldev_r
photosecondary,lnldev_u
photosecondary,lnldev_z
photosecondary,lnlexp_g
photosecondary,lnlexp_i
photosecondary,lnlexp_r
photosecondary,lnlexp_u
photosecondary,lnlexp_z
photosecondary,lnlstar_g
photosecondary,lnlstar_i
photosecondary,lnlstar_r
photosecondary,lnlstar_u
photosecondary,lnlstar_z
photosecondary,loadversion
photosecondary,mcr4_g
photosecondary,mcr4_i
photosecondary,mcr4_r
photosecondary,mcr4_u
photosecondary,mcr4_z
photosecondary,mcr4psf_g
photosecondary,mcr4psf_i
photosecondary,mcr4psf_r
photosecondary,mcr4psf_u
photosecondary,mcr4psf_z
photosecondary,me1_g
photosecondary,me1_i
photosecondary,me1_r
photosecondary,me1_u
photosecondary,me1_z
photosecondary,me1e1err_g
photosecondary,me1e1err_i
photosecondary,me1e1err_r
photosecondary,me1e1err_u
photosecondary,me1e1err_z
photosecondary,me1e2err_g
photosecondary,me1e2err_i
photosecondary,me1e2err_r
photosecondary,me1e2err_u
photosecondary,me1e2err_z
photosecondary,me1psf_g
photosecondary,me1psf_i
photosecondary,me1psf_r
photosecondary,me1psf_u
photosecondary,me1psf_z
photosecondary,me2_g
photosecondary,me2_i
photosecondary,me2_r
photosecondary,me2_u
photosecondary,me2_z
photosecondary,me2e2err_g
photosecondary,me2e2err_i
photosecondary,me2e2err_r
photosecondary,me2e2err_u
photosecondary,me2e2err_z
photosecondary,me2psf_g
photosecondary,me2psf_i
photosecondary,me2psf_r
photosecondary,me2psf_u
photosecondary,me2psf_z
photosecondary,mode
photosecondary,modelmag_g
photosecondary,modelmag_i
photosecondary,modelmag_r
photosecondary,modelmag_u
photosecondary,modelmag_z
photosecondary,modelmagerr_g
photosecondary,modelmagerr_i
photosecondary,modelmagerr_r
photosecondary,modelmagerr_u
photosecondary,modelmagerr_z
photosecondary,mrrcc_g
photosecondary,mrrcc_i
photosecondary,mrrcc_r
photosecondary,mrrcc_u
photosecondary,mrrcc_z
photosecondary,mrrccerr_g
photosecondary,mrrccerr_i
photosecondary,mrrccerr_r
photosecondary,mrrccerr_u
photosecondary,mrrccerr_z
photosecondary,mrrccpsf_g
photosecondary,mrrccpsf_i
photosecondary,mrrccpsf_r
photosecondary,mrrccpsf_u
photosecondary,mrrccpsf_z
photosecondary,nchild
photosecondary,nprof_g
photosecondary,nprof_i
photosecondary,nprof_r
photosecondary,nprof_u
photosecondary,nprof_z
photosecondary,obj
photosecondary,objid
photosecondary,offsetdec_g
photosecondary,offsetdec_i
photosecondary,offsetdec_r
photosecondary,offsetdec_u
photosecondary,offsetdec_z
photosecondary,offsetra_g
photosecondary,offsetra_i
photosecondary,offsetra_r
photosecondary,offsetra_u
photosecondary,offsetra_z
photosecondary,parentid
photosecondary,petromag_g
photosecondary,petromag_i
photosecondary,petromag_r
photosecondary,petromag_u
photosecondary,petromag_z
photosecondary,petromagerr_g
photosecondary,petromagerr_i
photosecondary,petromagerr_r
photosecondary,petromagerr_u
photosecondary,petromagerr_z
photosecondary,petror50_g
photosecondary,petror50_i
photosecondary,petror50_r
photosecondary,petror50_u
photosecondary,petror50_z
photosecondary,petror50err_g
photosecondary,petror50err_i
photosecondary,petror50err_r
photosecondary,petror50err_u
photosecondary,petror50err_z
photosecondary,petror90_g
photosecondary,petror90_i
photosecondary,petror90_r
photosecondary,petror90_u
photosecondary,petror90_z
photosecondary,petror90err_g
photosecondary,petror90err_i
photosecondary,petror90err_r
photosecondary,petror90err_u
photosecondary,petror90err_z
photosecondary,petrorad_g
photosecondary,petrorad_i
photosecondary,petrorad_r
photosecondary,petrorad_u
photosecondary,petrorad_z
photosecondary,petroraderr_g
photosecondary,petroraderr_i
photosecondary,petroraderr_r
photosecondary,petroraderr_u
photosecondary,petroraderr_z
photosecondary,primtarget
photosecondary,priority
photosecondary,probpsf
photosecondary,probpsf_g
photosecondary,probpsf_i
photosecondary,probpsf_r
photosecondary,probpsf_u
photosecondary,probpsf_z
photosecondary,psfmag_g
photosecondary,psfmag_i
photosecondary,psfmag_r
photosecondary,psfmag_u
photosecondary,psfmag_z
photosecondary,psfmagerr_g
photosecondary,psfmagerr_i
photosecondary,psfmagerr_r
photosecondary,psfmagerr_u
photosecondary,psfmagerr_z
photosecondary,q_g
photosecondary,q_i
photosecondary,q_r
photosecondary,q_u
photosecondary,q_z
photosecondary,qerr_g
photosecondary,qerr_i
photosecondary,qerr_r
photosecondary,qerr_u
photosecondary,qerr_z
photosecondary,r
photosecondary,ra
photosecondary,radeccorr
photosecondary,raerr
photosecondary,rerun
photosecondary,rho
photosecondary,rowc
photosecondary,rowc_g
photosecondary,rowc_i
photosecondary,rowc_r
photosecondary,rowc_u
photosecondary,rowc_z
photosecondary,rowcerr
photosecondary,rowcerr_g
photosecondary,rowcerr_i
photosecondary,rowcerr_r
photosecondary,rowcerr_u
photosecondary,rowcerr_z
photosecondary,rowv
photosecondary,rowverr
photosecondary,run
photosecondary,sectarget
photosecondary,segueprimtarget
photosecondary,seguesectarget
photosecondary,sky_g
photosecondary,sky_i
photosecondary,sky_r
photosecondary,sky_u
photosecondary,sky_z
photosecondary,skyerr_g
photosecondary,skyerr_i
photosecondary,skyerr_r
photosecondary,skyerr_u
photosecondary,skyerr_z
photosecondary,skyversion
photosecondary,specobjid
photosecondary,status
photosecondary,texture_g
photosecondary,texture_i
photosecondary,texture_r
photosecondary,texture_u
photosecondary,texture_z
photosecondary,type
photosecondary,type_g
photosecondary,type_i
photosecondary,type_r
photosecondary,type_u
photosecondary,type_z
photosecondary,u
photosecondary,u_g
photosecondary,u_i
photosecondary,u_r
photosecondary,u_u
photosecondary,u_z
photosecondary,uerr_g
photosecondary,uerr_i
photosecondary,uerr_r
photosecondary,uerr_u
photosecondary,uerr_z
photosecondary,z
photofamily,b
photofamily,camcol
photofamily,clean
photofamily,colc
photofamily,colc_g
photofamily,colc_i
photofamily,colc_r
photofamily,colc_u
photofamily,colc_z
photofamily,colcerr
photofamily,colcerr_g
photofamily,colcerr_i
photofamily,colcerr_r
photofamily,colcerr_u
photofamily,colcerr_z
photofamily,colv
photofamily,colverr
photofamily,cx
photofamily,cy
photofamily,cz
photofamily,dec
photofamily,decerr
photofamily,dered_g
photofamily,dered_i
photofamily,dered_r
photofamily,dered_u
photofamily,dered_z
photofamily,devab_g
photofamily,devab_i
photofamily,devab_r
photofamily,devab_u
photofamily,devab_z
photofamily,devaberr_g
photofamily,devaberr_i
photofamily,devaberr_r
photofamily,devaberr_u
photofamily,devaberr_z
photofamily,devmag_g
photofamily,devmag_i
photofamily,devmag_r
photofamily,devmag_u
photofamily,devmag_z
photofamily,devmagerr_g
photofamily,devmagerr_i
photofamily,devmagerr_r
photofamily,devmagerr_u
photofamily,devmagerr_z
photofamily,devphi_g
photofamily,devphi_i
photofamily,devphi_r
photofamily,devphi_u
photofamily,devphi_z
photofamily,devphierr_g
photofamily,devphierr_i
photofamily,devphierr_r
photofamily,devphierr_u
photofamily,devphierr_z
photofamily,devrad_g
photofamily,devrad_i
photofamily,devrad_r
photofamily,devrad_u
photofamily,devrad_z
photofamily,devraderr_g
photofamily,devraderr_i
photofamily,devraderr_r
photofamily,devraderr_u
photofamily,devraderr_z
photofamily,err_g
photofamily,err_i
photofamily,err_r
photofamily,err_u
photofamily,err_z
photofamily,expab_g
photofamily,expab_i
photofamily,expab_r
photofamily,expab_u
photofamily,expab_z
photofamily,expaberr_g
photofamily,expaberr_i
photofamily,expaberr_r
photofamily,expaberr_u
photofamily,expaberr_z
photofamily,expmag_g
photofamily,expmag_i
photofamily,expmag_r
photofamily,expmag_u
photofamily,expmag_z
photofamily,expmagerr_g
photofamily,expmagerr_i
photofamily,expmagerr_r
photofamily,expmagerr_u
photofamily,expmagerr_z
photofamily,expphi_g
photofamily,expphi_i
photofamily,expphi_r
photofamily,expphi_u
photofamily,expphi_z
photofamily,expphierr_g
photofamily,expphierr_i
photofamily,expphierr_r
photofamily,expphierr_u
photofamily,expphierr_z
photofamily,exprad_g
photofamily,exprad_i
photofamily,exprad_r
photofamily,exprad_u
photofamily,exprad_z
photofamily,expraderr_g
photofamily,expraderr_i
photofamily,expraderr_r
photofamily,expraderr_u
photofamily,expraderr_z
photofamily,extinction_g
photofamily,extinction_i
photofamily,extinction_r
photofamily,extinction_u
photofamily,extinction_z
photofamily,fibermag_g
photofamily,fibermag_i
photofamily,fibermag_r
photofamily,fibermag_u
photofamily,fibermag_z
photofamily,fibermagerr_g
photofamily,fibermagerr_i
photofamily,fibermagerr_r
photofamily,fibermagerr_u
photofamily,fibermagerr_z
photofamily,field
photofamily,fieldid
photofamily,flags
photofamily,flags_g
photofamily,flags_i
photofamily,flags_r
photofamily,flags_u
photofamily,flags_z
photofamily,fracdev_g
photofamily,fracdev_i
photofamily,fracdev_r
photofamily,fracdev_u
photofamily,fracdev_z
photofamily,g
photofamily,htmid
photofamily,i
photofamily,insidemask
photofamily,isoa_g
photofamily,isoa_i
photofamily,isoa_r
photofamily,isoa_u
photofamily,isoa_z
photofamily,isoaerr_g
photofamily,isoaerr_i
photofamily,isoaerr_r
photofamily,isoaerr_u
photofamily,isoaerr_z
photofamily,isoagrad_g
photofamily,isoagrad_i
photofamily,isoagrad_r
photofamily,isoagrad_u
photofamily,isoagrad_z
photofamily,isob_g
photofamily,isob_i
photofamily,isob_r
photofamily,isob_u
photofamily,isob_z
photofamily,isoberr_g
photofamily,isoberr_i
photofamily,isoberr_r
photofamily,isoberr_u
photofamily,isoberr_z
photofamily,isobgrad_g
photofamily,isobgrad_i
photofamily,isobgrad_r
photofamily,isobgrad_u
photofamily,isobgrad_z
photofamily,isocolc_g
photofamily,isocolc_i
photofamily,isocolc_r
photofamily,isocolc_u
photofamily,isocolc_z
photofamily,isocolcerr_g
photofamily,isocolcerr_i
photofamily,isocolcerr_r
photofamily,isocolcerr_u
photofamily,isocolcerr_z
photofamily,isocolcgrad_g
photofamily,isocolcgrad_i
photofamily,isocolcgrad_r
photofamily,isocolcgrad_u
photofamily,isocolcgrad_z
photofamily,isophi_g
photofamily,isophi_i
photofamily,isophi_r
photofamily,isophi_u
photofamily,isophi_z
photofamily,isophierr_g
photofamily,isophierr_i
photofamily,isophierr_r
photofamily,isophierr_u
photofamily,isophierr_z
photofamily,isophigrad_g
photofamily,isophigrad_i
photofamily,isophigrad_r
photofamily,isophigrad_u
photofamily,isophigrad_z
photofamily,isorowc_g
photofamily,isorowc_i
photofamily,isorowc_r
photofamily,isorowc_u
photofamily,isorowc_z
photofamily,isorowcerr_g
photofamily,isorowcerr_i
photofamily,isorowcerr_r
photofamily,isorowcerr_u
photofamily,isorowcerr_z
photofamily,isorowcgrad_g
photofamily,isorowcgrad_i
photofamily,isorowcgrad_r
photofamily,isorowcgrad_u
photofamily,isorowcgrad_z
photofamily,l
photofamily,lnldev_g
photofamily,lnldev_i
photofamily,lnldev_r
photofamily,lnldev_u
photofamily,lnldev_z
photofamily,lnlexp_g
photofamily,lnlexp_i
photofamily,lnlexp_r
photofamily,lnlexp_u
photofamily,lnlexp_z
photofamily,lnlstar_g
photofamily,lnlstar_i
photofamily,lnlstar_r
photofamily,lnlstar_u
photofamily,lnlstar_z
photofamily,loadversion
photofamily,mcr4_g
photofamily,mcr4_i
photofamily,mcr4_r
photofamily,mcr4_u
photofamily,mcr4_z
photofamily,mcr4psf_g
photofamily,mcr4psf_i
photofamily,mcr4psf_r
photofamily,mcr4psf_u
photofamily,mcr4psf_z
photofamily,me1_g
photofamily,me1_i
photofamily,me1_r
photofamily,me1_u
photofamily,me1_z
photofamily,me1e1err_g
photofamily,me1e1err_i
photofamily,me1e1err_r
photofamily,me1e1err_u
photofamily,me1e1err_z
photofamily,me1e2err_g
photofamily,me1e2err_i
photofamily,me1e2err_r
photofamily,me1e2err_u
photofamily,me1e2err_z
photofamily,me1psf_g
photofamily,me1psf_i
photofamily,me1psf_r
photofamily,me1psf_u
photofamily,me1psf_z
photofamily,me2_g
photofamily,me2_i
photofamily,me2_r
photofamily,me2_u
photofamily,me2_z
photofamily,me2e2err_g
photofamily,me2e2err_i
photofamily,me2e2err_r
photofamily,me2e2err_u
photofamily,me2e2err_z
photofamily,me2psf_g
photofamily,me2psf_i
photofamily,me2psf_r
photofamily,me2psf_u
photofamily,me2psf_z
photofamily,mode
photofamily,modelmag_g
photofamily,modelmag_i
photofamily,modelmag_r
photofamily,modelmag_u
photofamily,modelmag_z
photofamily,modelmagerr_g
photofamily,modelmagerr_i
photofamily,modelmagerr_r
photofamily,modelmagerr_u
photofamily,modelmagerr_z
photofamily,mrrcc_g
photofamily,mrrcc_i
photofamily,mrrcc_r
photofamily,mrrcc_u
photofamily,mrrcc_z
photofamily,mrrccerr_g
photofamily,mrrccerr_i
photofamily,mrrccerr_r
photofamily,mrrccerr_u
photofamily,mrrccerr_z
photofamily,mrrccpsf_g
photofamily,mrrccpsf_i
photofamily,mrrccpsf_r
photofamily,mrrccpsf_u
photofamily,mrrccpsf_z
photofamily,nchild
photofamily,nprof_g
photofamily,nprof_i
photofamily,nprof_r
photofamily,nprof_u
photofamily,nprof_z
photofamily,obj
photofamily,objid
photofamily,offsetdec_g
photofamily,offsetdec_i
photofamily,offsetdec_r
photofamily,offsetdec_u
photofamily,offsetdec_z
photofamily,offsetra_g
photofamily,offsetra_i
photofamily,offsetra_r
photofamily,offsetra_u
photofamily,offsetra_z
photofamily,parentid
photofamily,petromag_g
photofamily,petromag_i
photofamily,petromag_r
photofamily,petromag_u
photofamily,petromag_z
photofamily,petromagerr_g
photofamily,petromagerr_i
photofamily,petromagerr_r
photofamily,petromagerr_u
photofamily,petromagerr_z
photofamily,petror50_g
photofamily,petror50_i
photofamily,petror50_r
photofamily,petror50_u
photofamily,petror50_z
photofamily,petror50err_g
photofamily,petror50err_i
photofamily,petror50err_r
photofamily,petror50err_u
photofamily,petror50err_z
photofamily,petror90_g
photofamily,petror90_i
photofamily,petror90_r
photofamily,petror90_u
photofamily,petror90_z
photofamily,petror90err_g
photofamily,petror90err_i
photofamily,petror90err_r
photofamily,petror90err_u
photofamily,petror90err_z
photofamily,petrorad_g
photofamily,petrorad_i
photofamily,petrorad_r
photofamily,petrorad_u
photofamily,petrorad_z
photofamily,petroraderr_g
photofamily,petroraderr_i
photofamily,petroraderr_r
photofamily,petroraderr_u
photofamily,petroraderr_z
photofamily,primtarget
photofamily,priority
photofamily,probpsf
photofamily,probpsf_g
photofamily,probpsf_i
photofamily,probpsf_r
photofamily,probpsf_u
photofamily,probpsf_z
photofamily,psfmag_g
photofamily,psfmag_i
photofamily,psfmag_r
photofamily,psfmag_u
photofamily,psfmag_z
photofamily,psfmagerr_g
photofamily,psfmagerr_i
photofamily,psfmagerr_r
photofamily,psfmagerr_u
photofamily,psfmagerr_z
photofamily,q_g
photofamily,q_i
photofamily,q_r
photofamily,q_u
photofamily,q_z
photofamily,qerr_g
photofamily,qerr_i
photofamily,qerr_r
photofamily,qerr_u
photofamily,qerr_z
photofamily,r
photofamily,ra
photofamily,radeccorr
photofamily,raerr
photofamily,rerun
photofamily,rho
photofamily,rowc
photofamily,rowc_g
photofamily,rowc_i
photofamily,rowc_r
photofamily,rowc_u
photofamily,rowc_z
photofamily,rowcerr
photofamily,rowcerr_g
photofamily,rowcerr_i
photofamily,rowcerr_r
photofamily,rowcerr_u
photofamily,rowcerr_z
photofamily,rowv
photofamily,rowverr
photofamily,run
photofamily,sectarget
photofamily,segueprimtarget
photofamily,seguesectarget
photofamily,sky_g
photofamily,sky_i
photofamily,sky_r
photofamily,sky_u
photofamily,sky_z
photofamily,skyerr_g
photofamily,skyerr_i
photofamily,skyerr_r
photofamily,skyerr_u
photofamily,skyerr_z
photofamily,skyversion
photofamily,specobjid
photofamily,status
photofamily,texture_g
photofamily,texture_i
photofamily,texture_r
photofamily,texture_u
photofamily,texture_z
photofamily,type
photofamily,type_g
photofamily,type_i
photofamily,type_r
photofamily,type_u
photofamily,type_z
photofamily,u
photofamily,u_g
photofamily,u_i
photofamily,u_r
photofamily,u_u
photofamily,u_z
photofamily,uerr_g
photofamily,uerr_i
photofamily,uerr_r
photofamily,uerr_u
photofamily,uerr_z
photofamily,z
first,delta
first,eta
first,id
first,integr
first,lambda
first,major
first,match
first,minor
first,objid
first,pa
first,peak
first,rms
star,b
star,camcol
star,clean
star,colc
star,colc_g
star,colc_i
star,colc_r
star,colc_u
star,colc_z
star,colcerr
star,colcerr_g
star,colcerr_i
star,colcerr_r
star,colcerr_u
star,colcerr_z
star,colv
star,colverr
star,cx
star,cy
star,cz
star,dec
star,decerr
star,dered_g
star,dered_i
star,dered_r
star,dered_u
star,dered_z
star,devab_g
star,devab_i
star,devab_r
star,devab_u
star,devab_z
star,devaberr_g
star,devaberr_i
star,devaberr_r
star,devaberr_u
star,devaberr_z
star,devmag_g
star,devmag_i
star,devmag_r
star,devmag_u
star,devmag_z
star,devmagerr_g
star,devmagerr_i
star,devmagerr_r
star,devmagerr_u
star,devmagerr_z
star,devphi_g
star,devphi_i
star,devphi_r
star,devphi_u
star,devphi_z
star,devphierr_g
star,devphierr_i
star,devphierr_r
star,devphierr_u
star,devphierr_z
star,devrad_g
star,devrad_i
star,devrad_r
star,devrad_u
star,devrad_z
star,devraderr_g
star,devraderr_i
star,devraderr_r
star,devraderr_u
star,devraderr_z
star,err_g
star,err_i
star,err_r
star,err_u
star,err_z
star,expab_g
star,expab_i
star,expab_r
star,expab_u
star,expab_z
star,expaberr_g
star,expaberr_i
star,expaberr_r
star,expaberr_u
star,expaberr_z
star,expmag_g
star,expmag_i
star,expmag_r
star,expmag_u
star,expmag_z
star,expmagerr_g
star,expmagerr_i
star,expmagerr_r
star,expmagerr_u
star,expmagerr_z
star,expphi_g
star,expphi_i
star,expphi_r
star,expphi_u
star,expphi_z
star,expphierr_g
star,expphierr_i
star,expphierr_r
star,expphierr_u
star,expphierr_z
star,exprad_g
star,exprad_i
star,exprad_r
star,exprad_u
star,exprad_z
star,expraderr_g
star,expraderr_i
star,expraderr_r
star,expraderr_u
star,expraderr_z
star,extinction_g
star,extinction_i
star,extinction_r
star,extinction_u
star,extinction_z
star,fibermag_g
star,fibermag_i
star,fibermag_r
star,fibermag_u
star,fibermag_z
star,fibermagerr_g
star,fibermagerr_i
star,fibermagerr_r
star,fibermagerr_u
star,fibermagerr_z
star,field
star,fieldid
star,flags
star,flags_g
star,flags_i
star,flags_r
star,flags_u
star,flags_z
star,fracdev_g
star,fracdev_i
star,fracdev_r
star,fracdev_u
star,fracdev_z
star,g
star,htmid
star,i
star,insidemask
star,isoa_g
star,isoa_i
star,isoa_r
star,isoa_u
star,isoa_z
star,isoaerr_g
star,isoaerr_i
star,isoaerr_r
star,isoaerr_u
star,isoaerr_z
star,isoagrad_g
star,isoagrad_i
star,isoagrad_r
star,isoagrad_u
star,isoagrad_z
star,isob_g
star,isob_i
star,isob_r
star,isob_u
star,isob_z
star,isoberr_g
star,isoberr_i
star,isoberr_r
star,isoberr_u
star,isoberr_z
star,isobgrad_g
star,isobgrad_i
star,isobgrad_r
star,isobgrad_u
star,isobgrad_z
star,isocolc_g
star,isocolc_i
star,isocolc_r
star,isocolc_u
star,isocolc_z
star,isocolcerr_g
star,isocolcerr_i
star,isocolcerr_r
star,isocolcerr_u
star,isocolcerr_z
star,isocolcgrad_g
star,isocolcgrad_i
star,isocolcgrad_r
star,isocolcgrad_u
star,isocolcgrad_z
star,isophi_g
star,isophi_i
star,isophi_r
star,isophi_u
star,isophi_z
star,isophierr_g
star,isophierr_i
star,isophierr_r
star,isophierr_u
star,isophierr_z
star,isophigrad_g
star,isophigrad_i
star,isophigrad_r
star,isophigrad_u
star,isophigrad_z
star,isorowc_g
star,isorowc_i
star,isorowc_r
star,isorowc_u
star,isorowc_z
star,isorowcerr_g
star,isorowcerr_i
star,isorowcerr_r
star,isorowcerr_u
star,isorowcerr_z
star,isorowcgrad_g
star,isorowcgrad_i
star,isorowcgrad_r
star,isorowcgrad_u
star,isorowcgrad_z
star,l
star,lnldev_g
star,lnldev_i
star,lnldev_r
star,lnldev_u
star,lnldev_z
star,lnlexp_g
star,lnlexp_i
star,lnlexp_r
star,lnlexp_u
star,lnlexp_z
star,lnlstar_g
star,lnlstar_i
star,lnlstar_r
star,lnlstar_u
star,lnlstar_z
star,loadversion
star,mcr4_g
star,mcr4_i
star,mcr4_r
star,mcr4_u
star,mcr4_z
star,mcr4psf_g
star,mcr4psf_i
star,mcr4psf_r
star,mcr4psf_u
star,mcr4psf_z
star,me1_g
star,me1_i
star,me1_r
star,me1_u
star,me1_z
star,me1e1err_g
star,me1e1err_i
star,me1e1err_r
star,me1e1err_u
star,me1e1err_z
star,me1e2err_g
star,me1e2err_i
star,me1e2err_r
star,me1e2err_u
star,me1e2err_z
star,me1psf_g
star,me1psf_i
star,me1psf_r
star,me1psf_u
star,me1psf_z
star,me2_g
star,me2_i
star,me2_r
star,me2_u
star,me2_z
star,me2e2err_g
star,me2e2err_i
star,me2e2err_r
star,me2e2err_u
star,me2e2err_z
star,me2psf_g
star,me2psf_i
star,me2psf_r
star,me2psf_u
star,me2psf_z
star,mode
star,modelmag_g
star,modelmag_i
star,modelmag_r
star,modelmag_u
star,modelmag_z
star,modelmagerr_g
star,modelmagerr_i
star,modelmagerr_r
star,modelmagerr_u
star,modelmagerr_z
star,mrrcc_g
star,mrrcc_i
star,mrrcc_r
star,mrrcc_u
star,mrrcc_z
star,mrrccerr_g
star,mrrccerr_i
star,mrrccerr_r
star,mrrccerr_u
star,mrrccerr_z
star,mrrccpsf_g
star,mrrccpsf_i
star,mrrccpsf_r
star,mrrccpsf_u
star,mrrccpsf_z
star,nchild
star,nprof_g
star,nprof_i
star,nprof_r
star,nprof_u
star,nprof_z
star,obj
star,objid
star,offsetdec_g
star,offsetdec_i
star,offsetdec_r
star,offsetdec_u
star,offsetdec_z
star,offsetra_g
star,offsetra_i
star,offsetra_r
star,offsetra_u
star,offsetra_z
star,parentid
star,petromag_g
star,petromag_i
star,petromag_r
star,petromag_u
star,petromag_z
star,petromagerr_g
star,petromagerr_i
star,petromagerr_r
star,petromagerr_u
star,petromagerr_z
star,petror50_g
star,petror50_i
star,petror50_r
star,petror50_u
star,petror50_z
star,petror50err_g
star,petror50err_i
star,petror50err_r
star,petror50err_u
star,petror50err_z
star,petror90_g
star,petror90_i
star,petror90_r
star,petror90_u
star,petror90_z
star,petror90err_g
star,petror90err_i
star,petror90err_r
star,petror90err_u
star,petror90err_z
star,petrorad_g
star,petrorad_i
star,petrorad_r
star,petrorad_u
star,petrorad_z
star,petroraderr_g
star,petroraderr_i
star,petroraderr_r
star,petroraderr_u
star,petroraderr_z
star,primtarget
star,priority
star,probpsf
star,probpsf_g
star,probpsf_i
star,probpsf_r
star,probpsf_u
star,probpsf_z
star,psfmag_g
star,psfmag_i
star,psfmag_r
star,psfmag_u
star,psfmag_z
star,psfmagerr_g
star,psfmagerr_i
star,psfmagerr_r
star,psfmagerr_u
star,psfmagerr_z
star,q_g
star,q_i
star,q_r
star,q_u
star,q_z
star,qerr_g
star,qerr_i
star,qerr_r
star,qerr_u
star,qerr_z
star,r
star,ra
star,radeccorr
star,raerr
star,rerun
star,rho
star,rowc
star,rowc_g
star,rowc_i
star,rowc_r
star,rowc_u
star,rowc_z
star,rowcerr
star,rowcerr_g
star,rowcerr_i
star,rowcerr_r
star,rowcerr_u
star,rowcerr_z
star,rowv
star,rowverr
star,run
star,sectarget
star,segueprimtarget
star,seguesectarget
star,sky_g
star,sky_i
star,sky_r
star,sky_u
star,sky_z
star,skyerr_g
star,skyerr_i
star,skyerr_r
star,skyerr_u
star,skyerr_z
star,skyversion
star,specobjid
star,status
star,texture_g
star,texture_i
star,texture_r
star,texture_u
star,texture_z
star,type
star,type_g
star,type_i
star,type_r
star,type_u
star,type_z
star,u
star,u_g
star,u_i
star,u_r
star,u_u
star,u_z
star,uerr_g
star,uerr_i
star,uerr_r
star,uerr_u
star,uerr_z
star,z
photoz2,flag
photoz2,objid
photoz2,photozcc2
photoz2,photozd1
photoz2,photozerrcc2
photoz2,photozerrd1
rosat,cps
rosat,cpserr
rosat,delta
rosat,detectlike
rosat,exposure
rosat,extent
rosat,extentlike
rosat,hard1
rosat,hard1err
rosat,hard2
rosat,hard2err
rosat,match
rosat,objid
rosat,poserr
galaxy,b
galaxy,camcol
galaxy,clean
galaxy,colc
galaxy,colc_g
galaxy,colc_i
galaxy,colc_r
galaxy,colc_u
galaxy,colc_z
galaxy,colcerr
galaxy,colcerr_g
galaxy,colcerr_i
galaxy,colcerr_r
galaxy,colcerr_u
galaxy,colcerr_z
galaxy,colv
galaxy,colverr
galaxy,cx
galaxy,cy
galaxy,cz
galaxy,dec
galaxy,decerr
galaxy,dered_g
galaxy,dered_i
galaxy,dered_r
galaxy,dered_u
galaxy,dered_z
galaxy,devab_g
galaxy,devab_i
galaxy,devab_r
galaxy,devab_u
galaxy,devab_z
galaxy,devaberr_g
galaxy,devaberr_i
galaxy,devaberr_r
galaxy,devaberr_u
galaxy,devaberr_z
galaxy,devmag_g
galaxy,devmag_i
galaxy,devmag_r
galaxy,devmag_u
galaxy,devmag_z
galaxy,devmagerr_g
galaxy,devmagerr_i
galaxy,devmagerr_r
galaxy,devmagerr_u
galaxy,devmagerr_z
galaxy,devphi_g
galaxy,devphi_i
galaxy,devphi_r
galaxy,devphi_u
galaxy,devphi_z
galaxy,devphierr_g
galaxy,devphierr_i
galaxy,devphierr_r
galaxy,devphierr_u
galaxy,devphierr_z
galaxy,devrad_g
galaxy,devrad_i
galaxy,devrad_r
galaxy,devrad_u
galaxy,devrad_z
galaxy,devraderr_g
galaxy,devraderr_i
galaxy,devraderr_r
galaxy,devraderr_u
galaxy,devraderr_z
galaxy,err_g
galaxy,err_i
galaxy,err_r
galaxy,err_u
galaxy,err_z
galaxy,expab_g
galaxy,expab_i
galaxy,expab_r
galaxy,expab_u
galaxy,expab_z
galaxy,expaberr_g
galaxy,expaberr_i
galaxy,expaberr_r
galaxy,expaberr_u
galaxy,expaberr_z
galaxy,expmag_g
galaxy,expmag_i
galaxy,expmag_r
galaxy,expmag_u
galaxy,expmag_z
galaxy,expmagerr_g
galaxy,expmagerr_i
galaxy,expmagerr_r
galaxy,expmagerr_u
galaxy,expmagerr_z
galaxy,expphi_g
galaxy,expphi_i
galaxy,expphi_r
galaxy,expphi_u
galaxy,expphi_z
galaxy,expphierr_g
galaxy,expphierr_i
galaxy,expphierr_r
galaxy,expphierr_u
galaxy,expphierr_z
galaxy,exprad_g
galaxy,exprad_i
galaxy,exprad_r
galaxy,exprad_u
galaxy,exprad_z
galaxy,expraderr_g
galaxy,expraderr_i
galaxy,expraderr_r
galaxy,expraderr_u
galaxy,expraderr_z
galaxy,extinction_g
galaxy,extinction_i
galaxy,extinction_r
galaxy,extinction_u
galaxy,extinction_z
galaxy,fibermag_g
galaxy,fibermag_i
galaxy,fibermag_r
galaxy,fibermag_u
galaxy,fibermag_z
galaxy,fibermagerr_g
galaxy,fibermagerr_i
galaxy,fibermagerr_r
galaxy,fibermagerr_u
galaxy,fibermagerr_z
galaxy,field
galaxy,fieldid
galaxy,flags
galaxy,flags_g
galaxy,flags_i
galaxy,flags_r
galaxy,flags_u
galaxy,flags_z
galaxy,fracdev_g
galaxy,fracdev_i
galaxy,fracdev_r
galaxy,fracdev_u
galaxy,fracdev_z
galaxy,g
galaxy,htmid
galaxy,i
galaxy,insidemask
galaxy,isoa_g
galaxy,isoa_i
galaxy,isoa_r
galaxy,isoa_u
galaxy,isoa_z
galaxy,isoaerr_g
galaxy,isoaerr_i
galaxy,isoaerr_r
galaxy,isoaerr_u
galaxy,isoaerr_z
galaxy,isoagrad_g
galaxy,isoagrad_i
galaxy,isoagrad_r
galaxy,isoagrad_u
galaxy,isoagrad_z
galaxy,isob_g
galaxy,isob_i
galaxy,isob_r
galaxy,isob_u
galaxy,isob_z
galaxy,isoberr_g
galaxy,isoberr_i
galaxy,isoberr_r
galaxy,isoberr_u
galaxy,isoberr_z
galaxy,isobgrad_g
galaxy,isobgrad_i
galaxy,isobgrad_r
galaxy,isobgrad_u
galaxy,isobgrad_z
galaxy,isocolc_g
galaxy,isocolc_i
galaxy,isocolc_r
galaxy,isocolc_u
galaxy,isocolc_z
galaxy,isocolcerr_g
galaxy,isocolcerr_i
galaxy,isocolcerr_r
galaxy,isocolcerr_u
galaxy,isocolcerr_z
galaxy,isocolcgrad_g
galaxy,isocolcgrad_i
galaxy,isocolcgrad_r
galaxy,isocolcgrad_u
galaxy,isocolcgrad_z
galaxy,isophi_g
galaxy,isophi_i
galaxy,isophi_r
galaxy,isophi_u
galaxy,isophi_z
galaxy,isophierr_g
galaxy,isophierr_i
galaxy,isophierr_r
galaxy,isophierr_u
galaxy,isophierr_z
galaxy,isophigrad_g
galaxy,isophigrad_i
galaxy,isophigrad_r
galaxy,isophigrad_u
galaxy,isophigrad_z
galaxy,isorowc_g
galaxy,isorowc_i
galaxy,isorowc_r
galaxy,isorowc_u
galaxy,isorowc_z
galaxy,isorowcerr_g
galaxy,isorowcerr_i
galaxy,isorowcerr_r
galaxy,isorowcerr_u
galaxy,isorowcerr_z
galaxy,isorowcgrad_g
galaxy,isorowcgrad_i
galaxy,isorowcgrad_r
galaxy,isorowcgrad_u
galaxy,isorowcgrad_z
galaxy,l
galaxy,lnldev_g
galaxy,lnldev_i
galaxy,lnldev_r
galaxy,lnldev_u
galaxy,lnldev_z
galaxy,lnlexp_g
galaxy,lnlexp_i
galaxy,lnlexp_r
galaxy,lnlexp_u
galaxy,lnlexp_z
galaxy,lnlstar_g
galaxy,lnlstar_i
galaxy,lnlstar_r
galaxy,lnlstar_u
galaxy,lnlstar_z
galaxy,loadversion
galaxy,mcr4_g
galaxy,mcr4_i
galaxy,mcr4_r
galaxy,mcr4_u
galaxy,mcr4_z
galaxy,mcr4psf_g
galaxy,mcr4psf_i
galaxy,mcr4psf_r
galaxy,mcr4psf_u
galaxy,mcr4psf_z
galaxy,me1_g
galaxy,me1_i
galaxy,me1_r
galaxy,me1_u
galaxy,me1_z
galaxy,me1e1err_g
galaxy,me1e1err_i
galaxy,me1e1err_r
galaxy,me1e1err_u
galaxy,me1e1err_z
galaxy,me1e2err_g
galaxy,me1e2err_i
galaxy,me1e2err_r
galaxy,me1e2err_u
galaxy,me1e2err_z
galaxy,me1psf_g
galaxy,me1psf_i
galaxy,me1psf_r
galaxy,me1psf_u
galaxy,me1psf_z
galaxy,me2_g
galaxy,me2_i
galaxy,me2_r
galaxy,me2_u
galaxy,me2_z
galaxy,me2e2err_g
galaxy,me2e2err_i
galaxy,me2e2err_r
galaxy,me2e2err_u
galaxy,me2e2err_z
galaxy,me2psf_g
galaxy,me2psf_i
galaxy,me2psf_r
galaxy,me2psf_u
galaxy,me2psf_z
galaxy,mode
galaxy,modelmag_g
galaxy,modelmag_i
galaxy,modelmag_r
galaxy,modelmag_u
galaxy,modelmag_z
galaxy,modelmagerr_g
galaxy,modelmagerr_i
galaxy,modelmagerr_r
galaxy,modelmagerr_u
galaxy,modelmagerr_z
galaxy,mrrcc_g
galaxy,mrrcc_i
galaxy,mrrcc_r
galaxy,mrrcc_u
galaxy,mrrcc_z
galaxy,mrrccerr_g
galaxy,mrrccerr_i
galaxy,mrrccerr_r
galaxy,mrrccerr_u
galaxy,mrrccerr_z
galaxy,mrrccpsf_g
galaxy,mrrccpsf_i
galaxy,mrrccpsf_r
galaxy,mrrccpsf_u
galaxy,mrrccpsf_z
galaxy,nchild
galaxy,nprof_g
galaxy,nprof_i
galaxy,nprof_r
galaxy,nprof_u
galaxy,nprof_z
galaxy,obj
galaxy,objid
galaxy,offsetdec_g
galaxy,offsetdec_i
galaxy,offsetdec_r
galaxy,offsetdec_u
galaxy,offsetdec_z
galaxy,offsetra_g
galaxy,offsetra_i
galaxy,offsetra_r
galaxy,offsetra_u
galaxy,offsetra_z
galaxy,parentid
galaxy,petromag_g
galaxy,petromag_i
galaxy,petromag_r
galaxy,petromag_u
galaxy,petromag_z
galaxy,petromagerr_g
galaxy,petromagerr_i
galaxy,petromagerr_r
galaxy,petromagerr_u
galaxy,petromagerr_z
galaxy,petror50_g
galaxy,petror50_i
galaxy,petror50_r
galaxy,petror50_u
galaxy,petror50_z
galaxy,petror50err_g
galaxy,petror50err_i
galaxy,petror50err_r
galaxy,petror50err_u
galaxy,petror50err_z
galaxy,petror90_g
galaxy,petror90_i
galaxy,petror90_r
galaxy,petror90_u
galaxy,petror90_z
galaxy,petror90err_g
galaxy,petror90err_i
galaxy,petror90err_r
galaxy,petror90err_u
galaxy,petror90err_z
galaxy,petrorad_g
galaxy,petrorad_i
galaxy,petrorad_r
galaxy,petrorad_u
galaxy,petrorad_z
galaxy,petroraderr_g
galaxy,petroraderr_i
galaxy,petroraderr_r
galaxy,petroraderr_u
galaxy,petroraderr_z
galaxy,primtarget
galaxy,priority
galaxy,probpsf
galaxy,probpsf_g
galaxy,probpsf_i
galaxy,probpsf_r
galaxy,probpsf_u
galaxy,probpsf_z
galaxy,psfmag_g
galaxy,psfmag_i
galaxy,psfmag_r
galaxy,psfmag_u
galaxy,psfmag_z
galaxy,psfmagerr_g
galaxy,psfmagerr_i
galaxy,psfmagerr_r
galaxy,psfmagerr_u
galaxy,psfmagerr_z
galaxy,q_g
galaxy,q_i
galaxy,q_r
galaxy,q_u
galaxy,q_z
galaxy,qerr_g
galaxy,qerr_i
galaxy,qerr_r
galaxy,qerr_u
galaxy,qerr_z
galaxy,r
galaxy,ra
galaxy,radeccorr
galaxy,raerr
galaxy,rerun
galaxy,rho
galaxy,rowc
galaxy,rowc_g
galaxy,rowc_i
galaxy,rowc_r
galaxy,rowc_u
galaxy,rowc_z
galaxy,rowcerr
galaxy,rowcerr_g
galaxy,rowcerr_i
galaxy,rowcerr_r
galaxy,rowcerr_u
galaxy,rowcerr_z
galaxy,rowv
galaxy,rowverr
galaxy,run
galaxy,sectarget
galaxy,segueprimtarget
galaxy,seguesectarget
galaxy,sky_g
galaxy,sky_i
galaxy,sky_r
galaxy,sky_u
galaxy,sky_z
galaxy,skyerr_g
galaxy,skyerr_i
galaxy,skyerr_r
galaxy,skyerr_u
galaxy,skyerr_z
galaxy,skyversion
galaxy,specobjid
galaxy,status
galaxy,texture_g
galaxy,texture_i
galaxy,texture_r
galaxy,texture_u
galaxy,texture_z
galaxy,type
galaxy,type_g
galaxy,type_i
galaxy,type_r
galaxy,type_u
galaxy,type_z
galaxy,u
galaxy,u_g
galaxy,u_i
galaxy,u_r
galaxy,u_u
galaxy,u_z
galaxy,uerr_g
galaxy,uerr_i
galaxy,uerr_r
galaxy,uerr_u
galaxy,uerr_z
galaxy,z
usno,angle
usno,blue
usno,delta
usno,match
usno,objid
usno,propermotion
usno,red
sitedbs,active
sitedbs,dbname
sitedbs,description
qsospec,headobjid
qsospec,specbestobjid
qsospec,specclass
qsospec,speccx
qsospec,speccy
qsospec,speccz
qsospec,specdec
qsospec,specfiberid
qsospec,speclineid
qsospec,specmaxvelocity
qsospec,specmjd
qsospec,specobjid
qsospec,specplate
qsospec,specplatesn1_i
qsospec,specplatesn2_i
qsospec,specprimtarget
qsospec,specqsoconfirmed
qsospec,specra
qsospec,specscienceprimary
qsospec,spectargetid
qsospec,spectargetobjid
qsospec,specz
qsospec,speczconf
qsospec,speczerr
qsospec,speczstatus
qsospec,speczwarning
startag,camcol
startag,cx
startag,cy
startag,cz
startag,dec
startag,extinction_g
startag,extinction_i
startag,extinction_r
startag,extinction_u
startag,extinction_z
startag,field
startag,fieldid
startag,flags
startag,htmid
startag,insidemask
startag,lnldev_r
startag,lnlexp_r
startag,lnlstar_r
startag,mode
startag,modelmag_g
startag,modelmag_i
startag,modelmag_r
startag,modelmag_u
startag,modelmag_z
startag,modelmagerr_g
startag,modelmagerr_i
startag,modelmagerr_r
startag,modelmagerr_u
startag,modelmagerr_z
startag,mrrcc_r
startag,mrrccerr_r
startag,nchild
startag,obj
startag,objid
startag,petromag_g
startag,petromag_i
startag,petromag_r
startag,petromag_u
startag,petromag_z
startag,petromagerr_g
startag,petromagerr_i
startag,petromagerr_r
startag,petromagerr_u
startag,petromagerr_z
startag,petror50_r
startag,petror90_r
startag,primtarget
startag,probpsf
startag,psfmag_g
startag,psfmag_i
startag,psfmag_r
startag,psfmag_u
startag,psfmag_z
startag,psfmagerr_g
startag,psfmagerr_i
startag,psfmagerr_r
startag,psfmagerr_u
startag,psfmagerr_z
startag,ra
startag,rerun
startag,run
startag,sectarget
startag,size
startag,skyversion
startag,specobjid
startag,status
startag,type
fieldprofile,band
fieldprofile,bin
fieldprofile,fieldid
fieldprofile,profmean
fieldprofile,profmed
fieldprofile,profsig
queryresults,comment
queryresults,cpu_sec
queryresults,elapsed_time
queryresults,physical_io
queryresults,query
queryresults,row_count
queryresults,time
galaxytag,camcol
galaxytag,cx
galaxytag,cy
galaxytag,cz
galaxytag,dec
galaxytag,extinction_g
galaxytag,extinction_i
galaxytag,extinction_r
galaxytag,extinction_u
galaxytag,extinction_z
galaxytag,field
galaxytag,fieldid
galaxytag,flags
galaxytag,htmid
galaxytag,insidemask
galaxytag,lnldev_r
galaxytag,lnlexp_r
galaxytag,lnlstar_r
galaxytag,mode
galaxytag,modelmag_g
galaxytag,modelmag_i
galaxytag,modelmag_r
galaxytag,modelmag_u
galaxytag,modelmag_z
galaxytag,modelmagerr_g
galaxytag,modelmagerr_i
galaxytag,modelmagerr_r
galaxytag,modelmagerr_u
galaxytag,modelmagerr_z
galaxytag,mrrcc_r
galaxytag,mrrccerr_r
galaxytag,nchild
galaxytag,obj
galaxytag,objid
galaxytag,petromag_g
galaxytag,petromag_i
galaxytag,petromag_r
galaxytag,petromag_u
galaxytag,petromag_z
galaxytag,petromagerr_g
galaxytag,petromagerr_i
galaxytag,petromagerr_r
galaxytag,petromagerr_u
galaxytag,petromagerr_z
galaxytag,petror50_r
galaxytag,petror90_r
galaxytag,primtarget
galaxytag,probpsf
galaxytag,psfmag_g
galaxytag,psfmag_i
galaxytag,psfmag_r
galaxytag,psfmag_u
galaxytag,psfmag_z
galaxytag,psfmagerr_g
galaxytag,psfmagerr_i
galaxytag,psfmagerr_r
galaxytag,psfmagerr_u
galaxytag,psfmagerr_z
galaxytag,ra
galaxytag,rerun
galaxytag,run
galaxytag,sectarget
galaxytag,size
galaxytag,skyversion
galaxytag,specobjid
galaxytag,status
galaxytag,type
uberastro,b
uberastro,camcol
uberastro,conv_g
uberastro,conv_i
uberastro,conv_r
uberastro,conv_status_g
uberastro,conv_status_i
uberastro,conv_status_r
uberastro,conv_status_u
uberastro,conv_status_z
uberastro,conv_u
uberastro,conv_z
uberastro,cx
uberastro,cy
uberastro,cz
uberastro,dec
uberastro,field
uberastro,l
uberastro,obj
uberastro,objid
uberastro,offsetdec_g
uberastro,offsetdec_i
uberastro,offsetdec_r
uberastro,offsetdec_u
uberastro,offsetdec_z
uberastro,offsetra_g
uberastro,offsetra_i
uberastro,offsetra_r
uberastro,offsetra_u
uberastro,offsetra_z
uberastro,ra
uberastro,rerun
uberastro,run
photoprofile,band
photoprofile,bin
photoprofile,objid
photoprofile,proferr
photoprofile,profmean
qsotarget,headobjid
qsotarget,targetcolc_i
qsotarget,targetcx
qsotarget,targetcy
qsotarget,targetcz
qsotarget,targetdec
qsotarget,targetextinction_g
qsotarget,targetextinction_i
qsotarget,targetextinction_r
qsotarget,targetextinction_u
qsotarget,targetextinction_z
qsotarget,targetfieldculled
qsotarget,targetfieldid
qsotarget,targetfieldmjd
qsotarget,targetfieldquality
qsotarget,targetfirstid
qsotarget,targetfirstpeak
qsotarget,targetflags
qsotarget,targetflags_g
qsotarget,targetflags_i
qsotarget,targetflags_r
qsotarget,targetflags_u
qsotarget,targetflags_z
qsotarget,targetinsidemask
qsotarget,targetmi
qsotarget,targetmode
qsotarget,targetobjid
qsotarget,targetprimtarget
qsotarget,targetpritargfirst
qsotarget,targetpritarghiz
qsotarget,targetpritarglowz
qsotarget,targetpsfmag_g
qsotarget,targetpsfmag_i
qsotarget,targetpsfmag_r
qsotarget,targetpsfmag_u
qsotarget,targetpsfmag_z
qsotarget,targetpsfmagerr_g
qsotarget,targetpsfmagerr_i
qsotarget,targetpsfmagerr_r
qsotarget,targetpsfmagerr_u
qsotarget,targetpsfmagerr_z
qsotarget,targetqsotargeted
qsotarget,targetra
qsotarget,targetrosatcps
qsotarget,targetrosatid
qsotarget,targetrowc_i
qsotarget,targetsectorid
qsotarget,targetstatus
qsotarget,targettype
qsotarget,targetuniform
sky,b
sky,camcol
sky,clean
sky,colc
sky,colc_g
sky,colc_i
sky,colc_r
sky,colc_u
sky,colc_z
sky,colcerr
sky,colcerr_g
sky,colcerr_i
sky,colcerr_r
sky,colcerr_u
sky,colcerr_z
sky,colv
sky,colverr
sky,cx
sky,cy
sky,cz
sky,dec
sky,decerr
sky,dered_g
sky,dered_i
sky,dered_r
sky,dered_u
sky,dered_z
sky,devab_g
sky,devab_i
sky,devab_r
sky,devab_u
sky,devab_z
sky,devaberr_g
sky,devaberr_i
sky,devaberr_r
sky,devaberr_u
sky,devaberr_z
sky,devmag_g
sky,devmag_i
sky,devmag_r
sky,devmag_u
sky,devmag_z
sky,devmagerr_g
sky,devmagerr_i
sky,devmagerr_r
sky,devmagerr_u
sky,devmagerr_z
sky,devphi_g
sky,devphi_i
sky,devphi_r
sky,devphi_u
sky,devphi_z
sky,devphierr_g
sky,devphierr_i
sky,devphierr_r
sky,devphierr_u
sky,devphierr_z
sky,devrad_g
sky,devrad_i
sky,devrad_r
sky,devrad_u
sky,devrad_z
sky,devraderr_g
sky,devraderr_i
sky,devraderr_r
sky,devraderr_u
sky,devraderr_z
sky,err_g
sky,err_i
sky,err_r
sky,err_u
sky,err_z
sky,expab_g
sky,expab_i
sky,expab_r
sky,expab_u
sky,expab_z
sky,expaberr_g
sky,expaberr_i
sky,expaberr_r
sky,expaberr_u
sky,expaberr_z
sky,expmag_g
sky,expmag_i
sky,expmag_r
sky,expmag_u
sky,expmag_z
sky,expmagerr_g
sky,expmagerr_i
sky,expmagerr_r
sky,expmagerr_u
sky,expmagerr_z
sky,expphi_g
sky,expphi_i
sky,expphi_r
sky,expphi_u
sky,expphi_z
sky,expphierr_g
sky,expphierr_i
sky,expphierr_r
sky,expphierr_u
sky,expphierr_z
sky,exprad_g
sky,exprad_i
sky,exprad_r
sky,exprad_u
sky,exprad_z
sky,expraderr_g
sky,expraderr_i
sky,expraderr_r
sky,expraderr_u
sky,expraderr_z
sky,extinction_g
sky,extinction_i
sky,extinction_r
sky,extinction_u
sky,extinction_z
sky,fibermag_g
sky,fibermag_i
sky,fibermag_r
sky,fibermag_u
sky,fibermag_z
sky,fibermagerr_g
sky,fibermagerr_i
sky,fibermagerr_r
sky,fibermagerr_u
sky,fibermagerr_z
sky,field
sky,fieldid
sky,flags
sky,flags_g
sky,flags_i
sky,flags_r
sky,flags_u
sky,flags_z
sky,fracdev_g
sky,fracdev_i
sky,fracdev_r
sky,fracdev_u
sky,fracdev_z
sky,g
sky,htmid
sky,i
sky,insidemask
sky,isoa_g
sky,isoa_i
sky,isoa_r
sky,isoa_u
sky,isoa_z
sky,isoaerr_g
sky,isoaerr_i
sky,isoaerr_r
sky,isoaerr_u
sky,isoaerr_z
sky,isoagrad_g
sky,isoagrad_i
sky,isoagrad_r
sky,isoagrad_u
sky,isoagrad_z
sky,isob_g
sky,isob_i
sky,isob_r
sky,isob_u
sky,isob_z
sky,isoberr_g
sky,isoberr_i
sky,isoberr_r
sky,isoberr_u
sky,isoberr_z
sky,isobgrad_g
sky,isobgrad_i
sky,isobgrad_r
sky,isobgrad_u
sky,isobgrad_z
sky,isocolc_g
sky,isocolc_i
sky,isocolc_r
sky,isocolc_u
sky,isocolc_z
sky,isocolcerr_g
sky,isocolcerr_i
sky,isocolcerr_r
sky,isocolcerr_u
sky,isocolcerr_z
sky,isocolcgrad_g
sky,isocolcgrad_i
sky,isocolcgrad_r
sky,isocolcgrad_u
sky,isocolcgrad_z
sky,isophi_g
sky,isophi_i
sky,isophi_r
sky,isophi_u
sky,isophi_z
sky,isophierr_g
sky,isophierr_i
sky,isophierr_r
sky,isophierr_u
sky,isophierr_z
sky,isophigrad_g
sky,isophigrad_i
sky,isophigrad_r
sky,isophigrad_u
sky,isophigrad_z
sky,isorowc_g
sky,isorowc_i
sky,isorowc_r
sky,isorowc_u
sky,isorowc_z
sky,isorowcerr_g
sky,isorowcerr_i
sky,isorowcerr_r
sky,isorowcerr_u
sky,isorowcerr_z
sky,isorowcgrad_g
sky,isorowcgrad_i
sky,isorowcgrad_r
sky,isorowcgrad_u
sky,isorowcgrad_z
sky,l
sky,lnldev_g
sky,lnldev_i
sky,lnldev_r
sky,lnldev_u
sky,lnldev_z
sky,lnlexp_g
sky,lnlexp_i
sky,lnlexp_r
sky,lnlexp_u
sky,lnlexp_z
sky,lnlstar_g
sky,lnlstar_i
sky,lnlstar_r
sky,lnlstar_u
sky,lnlstar_z
sky,loadversion
sky,mcr4_g
sky,mcr4_i
sky,mcr4_r
sky,mcr4_u
sky,mcr4_z
sky,mcr4psf_g
sky,mcr4psf_i
sky,mcr4psf_r
sky,mcr4psf_u
sky,mcr4psf_z
sky,me1_g
sky,me1_i
sky,me1_r
sky,me1_u
sky,me1_z
sky,me1e1err_g
sky,me1e1err_i
sky,me1e1err_r
sky,me1e1err_u
sky,me1e1err_z
sky,me1e2err_g
sky,me1e2err_i
sky,me1e2err_r
sky,me1e2err_u
sky,me1e2err_z
sky,me1psf_g
sky,me1psf_i
sky,me1psf_r
sky,me1psf_u
sky,me1psf_z
sky,me2_g
sky,me2_i
sky,me2_r
sky,me2_u
sky,me2_z
sky,me2e2err_g
sky,me2e2err_i
sky,me2e2err_r
sky,me2e2err_u
sky,me2e2err_z
sky,me2psf_g
sky,me2psf_i
sky,me2psf_r
sky,me2psf_u
sky,me2psf_z
sky,mode
sky,modelmag_g
sky,modelmag_i
sky,modelmag_r
sky,modelmag_u
sky,modelmag_z
sky,modelmagerr_g
sky,modelmagerr_i
sky,modelmagerr_r
sky,modelmagerr_u
sky,modelmagerr_z
sky,mrrcc_g
sky,mrrcc_i
sky,mrrcc_r
sky,mrrcc_u
sky,mrrcc_z
sky,mrrccerr_g
sky,mrrccerr_i
sky,mrrccerr_r
sky,mrrccerr_u
sky,mrrccerr_z
sky,mrrccpsf_g
sky,mrrccpsf_i
sky,mrrccpsf_r
sky,mrrccpsf_u
sky,mrrccpsf_z
sky,nchild
sky,nprof_g
sky,nprof_i
sky,nprof_r
sky,nprof_u
sky,nprof_z
sky,obj
sky,objid
sky,offsetdec_g
sky,offsetdec_i
sky,offsetdec_r
sky,offsetdec_u
sky,offsetdec_z
sky,offsetra_g
sky,offsetra_i
sky,offsetra_r
sky,offsetra_u
sky,offsetra_z
sky,parentid
sky,petromag_g
sky,petromag_i
sky,petromag_r
sky,petromag_u
sky,petromag_z
sky,petromagerr_g
sky,petromagerr_i
sky,petromagerr_r
sky,petromagerr_u
sky,petromagerr_z
sky,petror50_g
sky,petror50_i
sky,petror50_r
sky,petror50_u
sky,petror50_z
sky,petror50err_g
sky,petror50err_i
sky,petror50err_r
sky,petror50err_u
sky,petror50err_z
sky,petror90_g
sky,petror90_i
sky,petror90_r
sky,petror90_u
sky,petror90_z
sky,petror90err_g
sky,petror90err_i
sky,petror90err_r
sky,petror90err_u
sky,petror90err_z
sky,petrorad_g
sky,petrorad_i
sky,petrorad_r
sky,petrorad_u
sky,petrorad_z
sky,petroraderr_g
sky,petroraderr_i
sky,petroraderr_r
sky,petroraderr_u
sky,petroraderr_z
sky,primtarget
sky,priority
sky,probpsf
sky,probpsf_g
sky,probpsf_i
sky,probpsf_r
sky,probpsf_u
sky,probpsf_z
sky,psfmag_g
sky,psfmag_i
sky,psfmag_r
sky,psfmag_u
sky,psfmag_z
sky,psfmagerr_g
sky,psfmagerr_i
sky,psfmagerr_r
sky,psfmagerr_u
sky,psfmagerr_z
sky,q_g
sky,q_i
sky,q_r
sky,q_u
sky,q_z
sky,qerr_g
sky,qerr_i
sky,qerr_r
sky,qerr_u
sky,qerr_z
sky,r
sky,ra
sky,radeccorr
sky,raerr
sky,rerun
sky,rho
sky,rowc
sky,rowc_g
sky,rowc_i
sky,rowc_r
sky,rowc_u
sky,rowc_z
sky,rowcerr
sky,rowcerr_g
sky,rowcerr_i
sky,rowcerr_r
sky,rowcerr_u
sky,rowcerr_z
sky,rowv
sky,rowverr
sky,run
sky,sectarget
sky,segueprimtarget
sky,seguesectarget
sky,sky_g
sky,sky_i
sky,sky_r
sky,sky_u
sky,sky_z
sky,skyerr_g
sky,skyerr_i
sky,skyerr_r
sky,skyerr_u
sky,skyerr_z
sky,skyversion
sky,specobjid
sky,status
sky,texture_g
sky,texture_i
sky,texture_r
sky,texture_u
sky,texture_z
sky,type
sky,type_g
sky,type_i
sky,type_r
sky,type_u
sky,type_z
sky,u
sky,u_g
sky,u_i
sky,u_r
sky,u_u
sky,u_z
sky,uerr_g
sky,uerr_i
sky,uerr_r
sky,uerr_u
sky,uerr_z
sky,z
mask,area
mask,camcol
mask,cx
mask,cy
mask,cz
mask,dec
mask,field
mask,filter
mask,htmid
mask,mask
mask,maskid
mask,ra
mask,radius
mask,rerun
mask,run
mask,seeing
mask,type
unknown,b
unknown,camcol
unknown,clean
unknown,colc
unknown,colc_g
unknown,colc_i
unknown,colc_r
unknown,colc_u
unknown,colc_z
unknown,colcerr
unknown,colcerr_g
unknown,colcerr_i
unknown,colcerr_r
unknown,colcerr_u
unknown,colcerr_z
unknown,colv
unknown,colverr
unknown,cx
unknown,cy
unknown,cz
unknown,dec
unknown,decerr
unknown,dered_g
unknown,dered_i
unknown,dered_r
unknown,dered_u
unknown,dered_z
unknown,devab_g
unknown,devab_i
unknown,devab_r
unknown,devab_u
unknown,devab_z
unknown,devaberr_g
unknown,devaberr_i
unknown,devaberr_r
unknown,devaberr_u
unknown,devaberr_z
unknown,devmag_g
unknown,devmag_i
unknown,devmag_r
unknown,devmag_u
unknown,devmag_z
unknown,devmagerr_g
unknown,devmagerr_i
unknown,devmagerr_r
unknown,devmagerr_u
unknown,devmagerr_z
unknown,devphi_g
unknown,devphi_i
unknown,devphi_r
unknown,devphi_u
unknown,devphi_z
unknown,devphierr_g
unknown,devphierr_i
unknown,devphierr_r
unknown,devphierr_u
unknown,devphierr_z
unknown,devrad_g
unknown,devrad_i
unknown,devrad_r
unknown,devrad_u
unknown,devrad_z
unknown,devraderr_g
unknown,devraderr_i
unknown,devraderr_r
unknown,devraderr_u
unknown,devraderr_z
unknown,err_g
unknown,err_i
unknown,err_r
unknown,err_u
unknown,err_z
unknown,expab_g
unknown,expab_i
unknown,expab_r
unknown,expab_u
unknown,expab_z
unknown,expaberr_g
unknown,expaberr_i
unknown,expaberr_r
unknown,expaberr_u
unknown,expaberr_z
unknown,expmag_g
unknown,expmag_i
unknown,expmag_r
unknown,expmag_u
unknown,expmag_z
unknown,expmagerr_g
unknown,expmagerr_i
unknown,expmagerr_r
unknown,expmagerr_u
unknown,expmagerr_z
unknown,expphi_g
unknown,expphi_i
unknown,expphi_r
unknown,expphi_u
unknown,expphi_z
unknown,expphierr_g
unknown,expphierr_i
unknown,expphierr_r
unknown,expphierr_u
unknown,expphierr_z
unknown,exprad_g
unknown,exprad_i
unknown,exprad_r
unknown,exprad_u
unknown,exprad_z
unknown,expraderr_g
unknown,expraderr_i
unknown,expraderr_r
unknown,expraderr_u
unknown,expraderr_z
unknown,extinction_g
unknown,extinction_i
unknown,extinction_r
unknown,extinction_u
unknown,extinction_z
unknown,fibermag_g
unknown,fibermag_i
unknown,fibermag_r
unknown,fibermag_u
unknown,fibermag_z
unknown,fibermagerr_g
unknown,fibermagerr_i
unknown,fibermagerr_r
unknown,fibermagerr_u
unknown,fibermagerr_z
unknown,field
unknown,fieldid
unknown,flags
unknown,flags_g
unknown,flags_i
unknown,flags_r
unknown,flags_u
unknown,flags_z
unknown,fracdev_g
unknown,fracdev_i
unknown,fracdev_r
unknown,fracdev_u
unknown,fracdev_z
unknown,g
unknown,htmid
unknown,i
unknown,insidemask
unknown,isoa_g
unknown,isoa_i
unknown,isoa_r
unknown,isoa_u
unknown,isoa_z
unknown,isoaerr_g
unknown,isoaerr_i
unknown,isoaerr_r
unknown,isoaerr_u
unknown,isoaerr_z
unknown,isoagrad_g
unknown,isoagrad_i
unknown,isoagrad_r
unknown,isoagrad_u
unknown,isoagrad_z
unknown,isob_g
unknown,isob_i
unknown,isob_r
unknown,isob_u
unknown,isob_z
unknown,isoberr_g
unknown,isoberr_i
unknown,isoberr_r
unknown,isoberr_u
unknown,isoberr_z
unknown,isobgrad_g
unknown,isobgrad_i
unknown,isobgrad_r
unknown,isobgrad_u
unknown,isobgrad_z
unknown,isocolc_g
unknown,isocolc_i
unknown,isocolc_r
unknown,isocolc_u
unknown,isocolc_z
unknown,isocolcerr_g
unknown,isocolcerr_i
unknown,isocolcerr_r
unknown,isocolcerr_u
unknown,isocolcerr_z
unknown,isocolcgrad_g
unknown,isocolcgrad_i
unknown,isocolcgrad_r
unknown,isocolcgrad_u
unknown,isocolcgrad_z
unknown,isophi_g
unknown,isophi_i
unknown,isophi_r
unknown,isophi_u
unknown,isophi_z
unknown,isophierr_g
unknown,isophierr_i
unknown,isophierr_r
unknown,isophierr_u
unknown,isophierr_z
unknown,isophigrad_g
unknown,isophigrad_i
unknown,isophigrad_r
unknown,isophigrad_u
unknown,isophigrad_z
unknown,isorowc_g
unknown,isorowc_i
unknown,isorowc_r
unknown,isorowc_u
unknown,isorowc_z
unknown,isorowcerr_g
unknown,isorowcerr_i
unknown,isorowcerr_r
unknown,isorowcerr_u
unknown,isorowcerr_z
unknown,isorowcgrad_g
unknown,isorowcgrad_i
unknown,isorowcgrad_r
unknown,isorowcgrad_u
unknown,isorowcgrad_z
unknown,l
unknown,lnldev_g
unknown,lnldev_i
unknown,lnldev_r
unknown,lnldev_u
unknown,lnldev_z
unknown,lnlexp_g
unknown,lnlexp_i
unknown,lnlexp_r
unknown,lnlexp_u
unknown,lnlexp_z
unknown,lnlstar_g
unknown,lnlstar_i
unknown,lnlstar_r
unknown,lnlstar_u
unknown,lnlstar_z
unknown,loadversion
unknown,mcr4_g
unknown,mcr4_i
unknown,mcr4_r
unknown,mcr4_u
unknown,mcr4_z
unknown,mcr4psf_g
unknown,mcr4psf_i
unknown,mcr4psf_r
unknown,mcr4psf_u
unknown,mcr4psf_z
unknown,me1_g
unknown,me1_i
unknown,me1_r
unknown,me1_u
unknown,me1_z
unknown,me1e1err_g
unknown,me1e1err_i
unknown,me1e1err_r
unknown,me1e1err_u
unknown,me1e1err_z
unknown,me1e2err_g
unknown,me1e2err_i
unknown,me1e2err_r
unknown,me1e2err_u
unknown,me1e2err_z
unknown,me1psf_g
unknown,me1psf_i
unknown,me1psf_r
unknown,me1psf_u
unknown,me1psf_z
unknown,me2_g
unknown,me2_i
unknown,me2_r
unknown,me2_u
unknown,me2_z
unknown,me2e2err_g
unknown,me2e2err_i
unknown,me2e2err_r
unknown,me2e2err_u
unknown,me2e2err_z
unknown,me2psf_g
unknown,me2psf_i
unknown,me2psf_r
unknown,me2psf_u
unknown,me2psf_z
unknown,mode
unknown,modelmag_g
unknown,modelmag_i
unknown,modelmag_r
unknown,modelmag_u
unknown,modelmag_z
unknown,modelmagerr_g
unknown,modelmagerr_i
unknown,modelmagerr_r
unknown,modelmagerr_u
unknown,modelmagerr_z
unknown,mrrcc_g
unknown,mrrcc_i
unknown,mrrcc_r
unknown,mrrcc_u
unknown,mrrcc_z
unknown,mrrccerr_g
unknown,mrrccerr_i
unknown,mrrccerr_r
unknown,mrrccerr_u
unknown,mrrccerr_z
unknown,mrrccpsf_g
unknown,mrrccpsf_i
unknown,mrrccpsf_r
unknown,mrrccpsf_u
unknown,mrrccpsf_z
unknown,nchild
unknown,nprof_g
unknown,nprof_i
unknown,nprof_r
unknown,nprof_u
unknown,nprof_z
unknown,obj
unknown,objid
unknown,offsetdec_g
unknown,offsetdec_i
unknown,offsetdec_r
unknown,offsetdec_u
unknown,offsetdec_z
unknown,offsetra_g
unknown,offsetra_i
unknown,offsetra_r
unknown,offsetra_u
unknown,offsetra_z
unknown,parentid
unknown,petromag_g
unknown,petromag_i
unknown,petromag_r
unknown,petromag_u
unknown,petromag_z
unknown,petromagerr_g
unknown,petromagerr_i
unknown,petromagerr_r
unknown,petromagerr_u
unknown,petromagerr_z
unknown,petror50_g
unknown,petror50_i
unknown,petror50_r
unknown,petror50_u
unknown,petror50_z
unknown,petror50err_g
unknown,petror50err_i
unknown,petror50err_r
unknown,petror50err_u
unknown,petror50err_z
unknown,petror90_g
unknown,petror90_i
unknown,petror90_r
unknown,petror90_u
unknown,petror90_z
unknown,petror90err_g
unknown,petror90err_i
unknown,petror90err_r
unknown,petror90err_u
unknown,petror90err_z
unknown,petrorad_g
unknown,petrorad_i
unknown,petrorad_r
unknown,petrorad_u
unknown,petrorad_z
unknown,petroraderr_g
unknown,petroraderr_i
unknown,petroraderr_r
unknown,petroraderr_u
unknown,petroraderr_z
unknown,primtarget
unknown,priority
unknown,probpsf
unknown,probpsf_g
unknown,probpsf_i
unknown,probpsf_r
unknown,probpsf_u
unknown,probpsf_z
unknown,psfmag_g
unknown,psfmag_i
unknown,psfmag_r
unknown,psfmag_u
unknown,psfmag_z
unknown,psfmagerr_g
unknown,psfmagerr_i
unknown,psfmagerr_r
unknown,psfmagerr_u
unknown,psfmagerr_z
unknown,q_g
unknown,q_i
unknown,q_r
unknown,q_u
unknown,q_z
unknown,qerr_g
unknown,qerr_i
unknown,qerr_r
unknown,qerr_u
unknown,qerr_z
unknown,r
unknown,ra
unknown,radeccorr
unknown,raerr
unknown,rerun
unknown,rho
unknown,rowc
unknown,rowc_g
unknown,rowc_i
unknown,rowc_r
unknown,rowc_u
unknown,rowc_z
unknown,rowcerr
unknown,rowcerr_g
unknown,rowcerr_i
unknown,rowcerr_r
unknown,rowcerr_u
unknown,rowcerr_z
unknown,rowv
unknown,rowverr
unknown,run
unknown,sectarget
unknown,segueprimtarget
unknown,seguesectarget
unknown,sky_g
unknown,sky_i
unknown,sky_r
unknown,sky_u
unknown,sky_z
unknown,skyerr_g
unknown,skyerr_i
unknown,skyerr_r
unknown,skyerr_u
unknown,skyerr_z
unknown,skyversion
unknown,specobjid
unknown,status
unknown,texture_g
unknown,texture_i
unknown,texture_r
unknown,texture_u
unknown,texture_z
unknown,type
unknown,type_g
unknown,type_i
unknown,type_r
unknown,type_u
unknown,type_z
unknown,u
unknown,u_g
unknown,u_i
unknown,u_r
unknown,u_u
unknown,u_z
unknown,uerr_g
unknown,uerr_i
unknown,uerr_r
unknown,uerr_u
unknown,uerr_z
unknown,z
recentqueries,ipaddr
recentqueries,lastquerytime
qsobest,bestcolc_i
qsobest,bestcx
qsobest,bestcy
qsobest,bestcz
qsobest,bestdec
qsobest,bestextinction_g
qsobest,bestextinction_i
qsobest,bestextinction_r
qsobest,bestextinction_u
qsobest,bestextinction_z
qsobest,bestfieldculled
qsobest,bestfieldid
qsobest,bestfieldmjd
qsobest,bestfieldquality
qsobest,bestfirstid
qsobest,bestfirstpeak
qsobest,bestflags
qsobest,bestflags_g
qsobest,bestflags_i
qsobest,bestflags_r
qsobest,bestflags_u
qsobest,bestflags_z
qsobest,bestinsidemask
qsobest,bestmi
qsobest,bestmode
qsobest,bestobjid
qsobest,bestprimtarget
qsobest,bestpritargfirst
qsobest,bestpritarghiz
qsobest,bestpritarglowz
qsobest,bestpsfmag_g
qsobest,bestpsfmag_i
qsobest,bestpsfmag_r
qsobest,bestpsfmag_u
qsobest,bestpsfmag_z
qsobest,bestpsfmagerr_g
qsobest,bestpsfmagerr_i
qsobest,bestpsfmagerr_r
qsobest,bestpsfmagerr_u
qsobest,bestpsfmagerr_z
qsobest,bestqsotargeted
qsobest,bestra
qsobest,bestrosatcps
qsobest,bestrosatid
qsobest,bestrowc_i
qsobest,besttype
qsobest,headobjid
targphotoobj,camcol
targphotoobj,colc
targphotoobj,colc_g
targphotoobj,colc_i
targphotoobj,colc_r
targphotoobj,colc_u
targphotoobj,colc_z
targphotoobj,colcerr
targphotoobj,colcerr_g
targphotoobj,colcerr_i
targphotoobj,colcerr_r
targphotoobj,colcerr_u
targphotoobj,colcerr_z
targphotoobj,colv
targphotoobj,colverr
targphotoobj,cx
targphotoobj,cy
targphotoobj,cz
targphotoobj,dec
targphotoobj,dered_g
targphotoobj,dered_i
targphotoobj,dered_r
targphotoobj,dered_u
targphotoobj,dered_z
targphotoobj,devab_g
targphotoobj,devab_i
targphotoobj,devab_r
targphotoobj,devab_u
targphotoobj,devab_z
targphotoobj,devaberr_g
targphotoobj,devaberr_i
targphotoobj,devaberr_r
targphotoobj,devaberr_u
targphotoobj,devaberr_z
targphotoobj,devmag_g
targphotoobj,devmag_i
targphotoobj,devmag_r
targphotoobj,devmag_u
targphotoobj,devmag_z
targphotoobj,devmagerr_g
targphotoobj,devmagerr_i
targphotoobj,devmagerr_r
targphotoobj,devmagerr_u
targphotoobj,devmagerr_z
targphotoobj,devphi_g
targphotoobj,devphi_i
targphotoobj,devphi_r
targphotoobj,devphi_u
targphotoobj,devphi_z
targphotoobj,devphierr_g
targphotoobj,devphierr_i
targphotoobj,devphierr_r
targphotoobj,devphierr_u
targphotoobj,devphierr_z
targphotoobj,devrad_g
targphotoobj,devrad_i
targphotoobj,devrad_r
targphotoobj,devrad_u
targphotoobj,devrad_z
targphotoobj,devraderr_g
targphotoobj,devraderr_i
targphotoobj,devraderr_r
targphotoobj,devraderr_u
targphotoobj,devraderr_z
targphotoobj,err_g
targphotoobj,err_i
targphotoobj,err_r
targphotoobj,err_u
targphotoobj,err_z
targphotoobj,expab_g
targphotoobj,expab_i
targphotoobj,expab_r
targphotoobj,expab_u
targphotoobj,expab_z
targphotoobj,expaberr_g
targphotoobj,expaberr_i
targphotoobj,expaberr_r
targphotoobj,expaberr_u
targphotoobj,expaberr_z
targphotoobj,expmag_g
targphotoobj,expmag_i
targphotoobj,expmag_r
targphotoobj,expmag_u
targphotoobj,expmag_z
targphotoobj,expmagerr_g
targphotoobj,expmagerr_i
targphotoobj,expmagerr_r
targphotoobj,expmagerr_u
targphotoobj,expmagerr_z
targphotoobj,expphi_g
targphotoobj,expphi_i
targphotoobj,expphi_r
targphotoobj,expphi_u
targphotoobj,expphi_z
targphotoobj,expphierr_g
targphotoobj,expphierr_i
targphotoobj,expphierr_r
targphotoobj,expphierr_u
targphotoobj,expphierr_z
targphotoobj,exprad_g
targphotoobj,exprad_i
targphotoobj,exprad_r
targphotoobj,exprad_u
targphotoobj,exprad_z
targphotoobj,expraderr_g
targphotoobj,expraderr_i
targphotoobj,expraderr_r
targphotoobj,expraderr_u
targphotoobj,expraderr_z
targphotoobj,extinction_g
targphotoobj,extinction_i
targphotoobj,extinction_r
targphotoobj,extinction_u
targphotoobj,extinction_z
targphotoobj,fibermag_g
targphotoobj,fibermag_i
targphotoobj,fibermag_r
targphotoobj,fibermag_u
targphotoobj,fibermag_z
targphotoobj,fibermagerr_g
targphotoobj,fibermagerr_i
targphotoobj,fibermagerr_r
targphotoobj,fibermagerr_u
targphotoobj,fibermagerr_z
targphotoobj,field
targphotoobj,fieldid
targphotoobj,flags
targphotoobj,flags_g
targphotoobj,flags_i
targphotoobj,flags_r
targphotoobj,flags_u
targphotoobj,flags_z
targphotoobj,fracdev_g
targphotoobj,fracdev_i
targphotoobj,fracdev_r
targphotoobj,fracdev_u
targphotoobj,fracdev_z
targphotoobj,g
targphotoobj,htmid
targphotoobj,i
targphotoobj,insidemask
targphotoobj,isoa_g
targphotoobj,isoa_i
targphotoobj,isoa_r
targphotoobj,isoa_u
targphotoobj,isoa_z
targphotoobj,isoaerr_g
targphotoobj,isoaerr_i
targphotoobj,isoaerr_r
targphotoobj,isoaerr_u
targphotoobj,isoaerr_z
targphotoobj,isoagrad_g
targphotoobj,isoagrad_i
targphotoobj,isoagrad_r
targphotoobj,isoagrad_u
targphotoobj,isoagrad_z
targphotoobj,isob_g
targphotoobj,isob_i
targphotoobj,isob_r
targphotoobj,isob_u
targphotoobj,isob_z
targphotoobj,isoberr_g
targphotoobj,isoberr_i
targphotoobj,isoberr_r
targphotoobj,isoberr_u
targphotoobj,isoberr_z
targphotoobj,isobgrad_g
targphotoobj,isobgrad_i
targphotoobj,isobgrad_r
targphotoobj,isobgrad_u
targphotoobj,isobgrad_z
targphotoobj,isocolc_g
targphotoobj,isocolc_i
targphotoobj,isocolc_r
targphotoobj,isocolc_u
targphotoobj,isocolc_z
targphotoobj,isocolcerr_g
targphotoobj,isocolcerr_i
targphotoobj,isocolcerr_r
targphotoobj,isocolcerr_u
targphotoobj,isocolcerr_z
targphotoobj,isocolcgrad_g
targphotoobj,isocolcgrad_i
targphotoobj,isocolcgrad_r
targphotoobj,isocolcgrad_u
targphotoobj,isocolcgrad_z
targphotoobj,isophi_g
targphotoobj,isophi_i
targphotoobj,isophi_r
targphotoobj,isophi_u
targphotoobj,isophi_z
targphotoobj,isophierr_g
targphotoobj,isophierr_i
targphotoobj,isophierr_r
targphotoobj,isophierr_u
targphotoobj,isophierr_z
targphotoobj,isophigrad_g
targphotoobj,isophigrad_i
targphotoobj,isophigrad_r
targphotoobj,isophigrad_u
targphotoobj,isophigrad_z
targphotoobj,isorowc_g
targphotoobj,isorowc_i
targphotoobj,isorowc_r
targphotoobj,isorowc_u
targphotoobj,isorowc_z
targphotoobj,isorowcerr_g
targphotoobj,isorowcerr_i
targphotoobj,isorowcerr_r
targphotoobj,isorowcerr_u
targphotoobj,isorowcerr_z
targphotoobj,isorowcgrad_g
targphotoobj,isorowcgrad_i
targphotoobj,isorowcgrad_r
targphotoobj,isorowcgrad_u
targphotoobj,isorowcgrad_z
targphotoobj,lnldev_g
targphotoobj,lnldev_i
targphotoobj,lnldev_r
targphotoobj,lnldev_u
targphotoobj,lnldev_z
targphotoobj,lnlexp_g
targphotoobj,lnlexp_i
targphotoobj,lnlexp_r
targphotoobj,lnlexp_u
targphotoobj,lnlexp_z
targphotoobj,lnlstar_g
targphotoobj,lnlstar_i
targphotoobj,lnlstar_r
targphotoobj,lnlstar_u
targphotoobj,lnlstar_z
targphotoobj,loadversion
targphotoobj,mcr4_g
targphotoobj,mcr4_i
targphotoobj,mcr4_r
targphotoobj,mcr4_u
targphotoobj,mcr4_z
targphotoobj,mcr4psf_g
targphotoobj,mcr4psf_i
targphotoobj,mcr4psf_r
targphotoobj,mcr4psf_u
targphotoobj,mcr4psf_z
targphotoobj,me1_g
targphotoobj,me1_i
targphotoobj,me1_r
targphotoobj,me1_u
targphotoobj,me1_z
targphotoobj,me1e1err_g
targphotoobj,me1e1err_i
targphotoobj,me1e1err_r
targphotoobj,me1e1err_u
targphotoobj,me1e1err_z
targphotoobj,me1e2err_g
targphotoobj,me1e2err_i
targphotoobj,me1e2err_r
targphotoobj,me1e2err_u
targphotoobj,me1e2err_z
targphotoobj,me1psf_g
targphotoobj,me1psf_i
targphotoobj,me1psf_r
targphotoobj,me1psf_u
targphotoobj,me1psf_z
targphotoobj,me2_g
targphotoobj,me2_i
targphotoobj,me2_r
targphotoobj,me2_u
targphotoobj,me2_z
targphotoobj,me2e2err_g
targphotoobj,me2e2err_i
targphotoobj,me2e2err_r
targphotoobj,me2e2err_u
targphotoobj,me2e2err_z
targphotoobj,me2psf_g
targphotoobj,me2psf_i
targphotoobj,me2psf_r
targphotoobj,me2psf_u
targphotoobj,me2psf_z
targphotoobj,mode
targphotoobj,modelmag_g
targphotoobj,modelmag_i
targphotoobj,modelmag_r
targphotoobj,modelmag_u
targphotoobj,modelmag_z
targphotoobj,modelmagerr_g
targphotoobj,modelmagerr_i
targphotoobj,modelmagerr_r
targphotoobj,modelmagerr_u
targphotoobj,modelmagerr_z
targphotoobj,mrrcc_g
targphotoobj,mrrcc_i
targphotoobj,mrrcc_r
targphotoobj,mrrcc_u
targphotoobj,mrrcc_z
targphotoobj,mrrccerr_g
targphotoobj,mrrccerr_i
targphotoobj,mrrccerr_r
targphotoobj,mrrccerr_u
targphotoobj,mrrccerr_z
targphotoobj,mrrccpsf_g
targphotoobj,mrrccpsf_i
targphotoobj,mrrccpsf_r
targphotoobj,mrrccpsf_u
targphotoobj,mrrccpsf_z
targphotoobj,nchild
targphotoobj,nprof_g
targphotoobj,nprof_i
targphotoobj,nprof_r
targphotoobj,nprof_u
targphotoobj,nprof_z
targphotoobj,obj
targphotoobj,objid
targphotoobj,offsetdec_g
targphotoobj,offsetdec_i
targphotoobj,offsetdec_r
targphotoobj,offsetdec_u
targphotoobj,offsetdec_z
targphotoobj,offsetra_g
targphotoobj,offsetra_i
targphotoobj,offsetra_r
targphotoobj,offsetra_u
targphotoobj,offsetra_z
targphotoobj,parentid
targphotoobj,petromag_g
targphotoobj,petromag_i
targphotoobj,petromag_r
targphotoobj,petromag_u
targphotoobj,petromag_z
targphotoobj,petromagerr_g
targphotoobj,petromagerr_i
targphotoobj,petromagerr_r
targphotoobj,petromagerr_u
targphotoobj,petromagerr_z
targphotoobj,petror50_g
targphotoobj,petror50_i
targphotoobj,petror50_r
targphotoobj,petror50_u
targphotoobj,petror50_z
targphotoobj,petror50err_g
targphotoobj,petror50err_i
targphotoobj,petror50err_r
targphotoobj,petror50err_u
targphotoobj,petror50err_z
targphotoobj,petror90_g
targphotoobj,petror90_i
targphotoobj,petror90_r
targphotoobj,petror90_u
targphotoobj,petror90_z
targphotoobj,petror90err_g
targphotoobj,petror90err_i
targphotoobj,petror90err_r
targphotoobj,petror90err_u
targphotoobj,petror90err_z
targphotoobj,petrorad_g
targphotoobj,petrorad_i
targphotoobj,petrorad_r
targphotoobj,petrorad_u
targphotoobj,petrorad_z
targphotoobj,petroraderr_g
targphotoobj,petroraderr_i
targphotoobj,petroraderr_r
targphotoobj,petroraderr_u
targphotoobj,petroraderr_z
targphotoobj,primtarget
targphotoobj,priority
targphotoobj,probpsf
targphotoobj,probpsf_g
targphotoobj,probpsf_i
targphotoobj,probpsf_r
targphotoobj,probpsf_u
targphotoobj,probpsf_z
targphotoobj,psfmag_g
targphotoobj,psfmag_i
targphotoobj,psfmag_r
targphotoobj,psfmag_u
targphotoobj,psfmag_z
targphotoobj,psfmagerr_g
targphotoobj,psfmagerr_i
targphotoobj,psfmagerr_r
targphotoobj,psfmagerr_u
targphotoobj,psfmagerr_z
targphotoobj,q_g
targphotoobj,q_i
targphotoobj,q_r
targphotoobj,q_u
targphotoobj,q_z
targphotoobj,qerr_g
targphotoobj,qerr_i
targphotoobj,qerr_r
targphotoobj,qerr_u
targphotoobj,qerr_z
targphotoobj,r
targphotoobj,ra
targphotoobj,rerun
targphotoobj,rho
targphotoobj,rowc
targphotoobj,rowc_g
targphotoobj,rowc_i
targphotoobj,rowc_r
targphotoobj,rowc_u
targphotoobj,rowc_z
targphotoobj,rowcerr
targphotoobj,rowcerr_g
targphotoobj,rowcerr_i
targphotoobj,rowcerr_r
targphotoobj,rowcerr_u
targphotoobj,rowcerr_z
targphotoobj,rowv
targphotoobj,rowverr
targphotoobj,run
targphotoobj,sectarget
targphotoobj,sky_g
targphotoobj,sky_i
targphotoobj,sky_r
targphotoobj,sky_u
targphotoobj,sky_z
targphotoobj,skyerr_g
targphotoobj,skyerr_i
targphotoobj,skyerr_r
targphotoobj,skyerr_u
targphotoobj,skyerr_z
targphotoobj,skyversion
targphotoobj,specobjid
targphotoobj,status
targphotoobj,texture_g
targphotoobj,texture_i
targphotoobj,texture_r
targphotoobj,texture_u
targphotoobj,texture_z
targphotoobj,type
targphotoobj,type_g
targphotoobj,type_i
targphotoobj,type_r
targphotoobj,type_u
targphotoobj,type_z
targphotoobj,u
targphotoobj,u_g
targphotoobj,u_i
targphotoobj,u_r
targphotoobj,u_u
targphotoobj,u_z
targphotoobj,uerr_g
targphotoobj,uerr_i
targphotoobj,uerr_r
targphotoobj,uerr_u
targphotoobj,uerr_z
targphotoobj,z
siteconstants,comment
siteconstants,name
siteconstants,value
targphotoprimary,camcol
targphotoprimary,colc
targphotoprimary,colc_g
targphotoprimary,colc_i
targphotoprimary,colc_r
targphotoprimary,colc_u
targphotoprimary,colc_z
targphotoprimary,colcerr
targphotoprimary,colcerr_g
targphotoprimary,colcerr_i
targphotoprimary,colcerr_r
targphotoprimary,colcerr_u
targphotoprimary,colcerr_z
targphotoprimary,colv
targphotoprimary,colverr
targphotoprimary,cx
targphotoprimary,cy
targphotoprimary,cz
targphotoprimary,dec
targphotoprimary,dered_g
targphotoprimary,dered_i
targphotoprimary,dered_r
targphotoprimary,dered_u
targphotoprimary,dered_z
targphotoprimary,devab_g
targphotoprimary,devab_i
targphotoprimary,devab_r
targphotoprimary,devab_u
targphotoprimary,devab_z
targphotoprimary,devaberr_g
targphotoprimary,devaberr_i
targphotoprimary,devaberr_r
targphotoprimary,devaberr_u
targphotoprimary,devaberr_z
targphotoprimary,devmag_g
targphotoprimary,devmag_i
targphotoprimary,devmag_r
targphotoprimary,devmag_u
targphotoprimary,devmag_z
targphotoprimary,devmagerr_g
targphotoprimary,devmagerr_i
targphotoprimary,devmagerr_r
targphotoprimary,devmagerr_u
targphotoprimary,devmagerr_z
targphotoprimary,devphi_g
targphotoprimary,devphi_i
targphotoprimary,devphi_r
targphotoprimary,devphi_u
targphotoprimary,devphi_z
targphotoprimary,devphierr_g
targphotoprimary,devphierr_i
targphotoprimary,devphierr_r
targphotoprimary,devphierr_u
targphotoprimary,devphierr_z
targphotoprimary,devrad_g
targphotoprimary,devrad_i
targphotoprimary,devrad_r
targphotoprimary,devrad_u
targphotoprimary,devrad_z
targphotoprimary,devraderr_g
targphotoprimary,devraderr_i
targphotoprimary,devraderr_r
targphotoprimary,devraderr_u
targphotoprimary,devraderr_z
targphotoprimary,err_g
targphotoprimary,err_i
targphotoprimary,err_r
targphotoprimary,err_u
targphotoprimary,err_z
targphotoprimary,expab_g
targphotoprimary,expab_i
targphotoprimary,expab_r
targphotoprimary,expab_u
targphotoprimary,expab_z
targphotoprimary,expaberr_g
targphotoprimary,expaberr_i
targphotoprimary,expaberr_r
targphotoprimary,expaberr_u
targphotoprimary,expaberr_z
targphotoprimary,expmag_g
targphotoprimary,expmag_i
targphotoprimary,expmag_r
targphotoprimary,expmag_u
targphotoprimary,expmag_z
targphotoprimary,expmagerr_g
targphotoprimary,expmagerr_i
targphotoprimary,expmagerr_r
targphotoprimary,expmagerr_u
targphotoprimary,expmagerr_z
targphotoprimary,expphi_g
targphotoprimary,expphi_i
targphotoprimary,expphi_r
targphotoprimary,expphi_u
targphotoprimary,expphi_z
targphotoprimary,expphierr_g
targphotoprimary,expphierr_i
targphotoprimary,expphierr_r
targphotoprimary,expphierr_u
targphotoprimary,expphierr_z
targphotoprimary,exprad_g
targphotoprimary,exprad_i
targphotoprimary,exprad_r
targphotoprimary,exprad_u
targphotoprimary,exprad_z
targphotoprimary,expraderr_g
targphotoprimary,expraderr_i
targphotoprimary,expraderr_r
targphotoprimary,expraderr_u
targphotoprimary,expraderr_z
targphotoprimary,extinction_g
targphotoprimary,extinction_i
targphotoprimary,extinction_r
targphotoprimary,extinction_u
targphotoprimary,extinction_z
targphotoprimary,fibermag_g
targphotoprimary,fibermag_i
targphotoprimary,fibermag_r
targphotoprimary,fibermag_u
targphotoprimary,fibermag_z
targphotoprimary,fibermagerr_g
targphotoprimary,fibermagerr_i
targphotoprimary,fibermagerr_r
targphotoprimary,fibermagerr_u
targphotoprimary,fibermagerr_z
targphotoprimary,field
targphotoprimary,fieldid
targphotoprimary,flags
targphotoprimary,flags_g
targphotoprimary,flags_i
targphotoprimary,flags_r
targphotoprimary,flags_u
targphotoprimary,flags_z
targphotoprimary,fracdev_g
targphotoprimary,fracdev_i
targphotoprimary,fracdev_r
targphotoprimary,fracdev_u
targphotoprimary,fracdev_z
targphotoprimary,g
targphotoprimary,htmid
targphotoprimary,i
targphotoprimary,insidemask
targphotoprimary,isoa_g
targphotoprimary,isoa_i
targphotoprimary,isoa_r
targphotoprimary,isoa_u
targphotoprimary,isoa_z
targphotoprimary,isoaerr_g
targphotoprimary,isoaerr_i
targphotoprimary,isoaerr_r
targphotoprimary,isoaerr_u
targphotoprimary,isoaerr_z
targphotoprimary,isoagrad_g
targphotoprimary,isoagrad_i
targphotoprimary,isoagrad_r
targphotoprimary,isoagrad_u
targphotoprimary,isoagrad_z
targphotoprimary,isob_g
targphotoprimary,isob_i
targphotoprimary,isob_r
targphotoprimary,isob_u
targphotoprimary,isob_z
targphotoprimary,isoberr_g
targphotoprimary,isoberr_i
targphotoprimary,isoberr_r
targphotoprimary,isoberr_u
targphotoprimary,isoberr_z
targphotoprimary,isobgrad_g
targphotoprimary,isobgrad_i
targphotoprimary,isobgrad_r
targphotoprimary,isobgrad_u
targphotoprimary,isobgrad_z
targphotoprimary,isocolc_g
targphotoprimary,isocolc_i
targphotoprimary,isocolc_r
targphotoprimary,isocolc_u
targphotoprimary,isocolc_z
targphotoprimary,isocolcerr_g
targphotoprimary,isocolcerr_i
targphotoprimary,isocolcerr_r
targphotoprimary,isocolcerr_u
targphotoprimary,isocolcerr_z
targphotoprimary,isocolcgrad_g
targphotoprimary,isocolcgrad_i
targphotoprimary,isocolcgrad_r
targphotoprimary,isocolcgrad_u
targphotoprimary,isocolcgrad_z
targphotoprimary,isophi_g
targphotoprimary,isophi_i
targphotoprimary,isophi_r
targphotoprimary,isophi_u
targphotoprimary,isophi_z
targphotoprimary,isophierr_g
targphotoprimary,isophierr_i
targphotoprimary,isophierr_r
targphotoprimary,isophierr_u
targphotoprimary,isophierr_z
targphotoprimary,isophigrad_g
targphotoprimary,isophigrad_i
targphotoprimary,isophigrad_r
targphotoprimary,isophigrad_u
targphotoprimary,isophigrad_z
targphotoprimary,isorowc_g
targphotoprimary,isorowc_i
targphotoprimary,isorowc_r
targphotoprimary,isorowc_u
targphotoprimary,isorowc_z
targphotoprimary,isorowcerr_g
targphotoprimary,isorowcerr_i
targphotoprimary,isorowcerr_r
targphotoprimary,isorowcerr_u
targphotoprimary,isorowcerr_z
targphotoprimary,isorowcgrad_g
targphotoprimary,isorowcgrad_i
targphotoprimary,isorowcgrad_r
targphotoprimary,isorowcgrad_u
targphotoprimary,isorowcgrad_z
targphotoprimary,lnldev_g
targphotoprimary,lnldev_i
targphotoprimary,lnldev_r
targphotoprimary,lnldev_u
targphotoprimary,lnldev_z
targphotoprimary,lnlexp_g
targphotoprimary,lnlexp_i
targphotoprimary,lnlexp_r
targphotoprimary,lnlexp_u
targphotoprimary,lnlexp_z
targphotoprimary,lnlstar_g
targphotoprimary,lnlstar_i
targphotoprimary,lnlstar_r
targphotoprimary,lnlstar_u
targphotoprimary,lnlstar_z
targphotoprimary,loadversion
targphotoprimary,mcr4_g
targphotoprimary,mcr4_i
targphotoprimary,mcr4_r
targphotoprimary,mcr4_u
targphotoprimary,mcr4_z
targphotoprimary,mcr4psf_g
targphotoprimary,mcr4psf_i
targphotoprimary,mcr4psf_r
targphotoprimary,mcr4psf_u
targphotoprimary,mcr4psf_z
targphotoprimary,me1_g
targphotoprimary,me1_i
targphotoprimary,me1_r
targphotoprimary,me1_u
targphotoprimary,me1_z
targphotoprimary,me1e1err_g
targphotoprimary,me1e1err_i
targphotoprimary,me1e1err_r
targphotoprimary,me1e1err_u
targphotoprimary,me1e1err_z
targphotoprimary,me1e2err_g
targphotoprimary,me1e2err_i
targphotoprimary,me1e2err_r
targphotoprimary,me1e2err_u
targphotoprimary,me1e2err_z
targphotoprimary,me1psf_g
targphotoprimary,me1psf_i
targphotoprimary,me1psf_r
targphotoprimary,me1psf_u
targphotoprimary,me1psf_z
targphotoprimary,me2_g
targphotoprimary,me2_i
targphotoprimary,me2_r
targphotoprimary,me2_u
targphotoprimary,me2_z
targphotoprimary,me2e2err_g
targphotoprimary,me2e2err_i
targphotoprimary,me2e2err_r
targphotoprimary,me2e2err_u
targphotoprimary,me2e2err_z
targphotoprimary,me2psf_g
targphotoprimary,me2psf_i
targphotoprimary,me2psf_r
targphotoprimary,me2psf_u
targphotoprimary,me2psf_z
targphotoprimary,mode
targphotoprimary,modelmag_g
targphotoprimary,modelmag_i
targphotoprimary,modelmag_r
targphotoprimary,modelmag_u
targphotoprimary,modelmag_z
targphotoprimary,modelmagerr_g
targphotoprimary,modelmagerr_i
targphotoprimary,modelmagerr_r
targphotoprimary,modelmagerr_u
targphotoprimary,modelmagerr_z
targphotoprimary,mrrcc_g
targphotoprimary,mrrcc_i
targphotoprimary,mrrcc_r
targphotoprimary,mrrcc_u
targphotoprimary,mrrcc_z
targphotoprimary,mrrccerr_g
targphotoprimary,mrrccerr_i
targphotoprimary,mrrccerr_r
targphotoprimary,mrrccerr_u
targphotoprimary,mrrccerr_z
targphotoprimary,mrrccpsf_g
targphotoprimary,mrrccpsf_i
targphotoprimary,mrrccpsf_r
targphotoprimary,mrrccpsf_u
targphotoprimary,mrrccpsf_z
targphotoprimary,nchild
targphotoprimary,nprof_g
targphotoprimary,nprof_i
targphotoprimary,nprof_r
targphotoprimary,nprof_u
targphotoprimary,nprof_z
targphotoprimary,obj
targphotoprimary,objid
targphotoprimary,offsetdec_g
targphotoprimary,offsetdec_i
targphotoprimary,offsetdec_r
targphotoprimary,offsetdec_u
targphotoprimary,offsetdec_z
targphotoprimary,offsetra_g
targphotoprimary,offsetra_i
targphotoprimary,offsetra_r
targphotoprimary,offsetra_u
targphotoprimary,offsetra_z
targphotoprimary,parentid
targphotoprimary,petromag_g
targphotoprimary,petromag_i
targphotoprimary,petromag_r
targphotoprimary,petromag_u
targphotoprimary,petromag_z
targphotoprimary,petromagerr_g
targphotoprimary,petromagerr_i
targphotoprimary,petromagerr_r
targphotoprimary,petromagerr_u
targphotoprimary,petromagerr_z
targphotoprimary,petror50_g
targphotoprimary,petror50_i
targphotoprimary,petror50_r
targphotoprimary,petror50_u
targphotoprimary,petror50_z
targphotoprimary,petror50err_g
targphotoprimary,petror50err_i
targphotoprimary,petror50err_r
targphotoprimary,petror50err_u
targphotoprimary,petror50err_z
targphotoprimary,petror90_g
targphotoprimary,petror90_i
targphotoprimary,petror90_r
targphotoprimary,petror90_u
targphotoprimary,petror90_z
targphotoprimary,petror90err_g
targphotoprimary,petror90err_i
targphotoprimary,petror90err_r
targphotoprimary,petror90err_u
targphotoprimary,petror90err_z
targphotoprimary,petrorad_g
targphotoprimary,petrorad_i
targphotoprimary,petrorad_r
targphotoprimary,petrorad_u
targphotoprimary,petrorad_z
targphotoprimary,petroraderr_g
targphotoprimary,petroraderr_i
targphotoprimary,petroraderr_r
targphotoprimary,petroraderr_u
targphotoprimary,petroraderr_z
targphotoprimary,primtarget
targphotoprimary,priority
targphotoprimary,probpsf
targphotoprimary,probpsf_g
targphotoprimary,probpsf_i
targphotoprimary,probpsf_r
targphotoprimary,probpsf_u
targphotoprimary,probpsf_z
targphotoprimary,psfmag_g
targphotoprimary,psfmag_i
targphotoprimary,psfmag_r
targphotoprimary,psfmag_u
targphotoprimary,psfmag_z
targphotoprimary,psfmagerr_g
targphotoprimary,psfmagerr_i
targphotoprimary,psfmagerr_r
targphotoprimary,psfmagerr_u
targphotoprimary,psfmagerr_z
targphotoprimary,q_g
targphotoprimary,q_i
targphotoprimary,q_r
targphotoprimary,q_u
targphotoprimary,q_z
targphotoprimary,qerr_g
targphotoprimary,qerr_i
targphotoprimary,qerr_r
targphotoprimary,qerr_u
targphotoprimary,qerr_z
targphotoprimary,r
targphotoprimary,ra
targphotoprimary,rerun
targphotoprimary,rho
targphotoprimary,rowc
targphotoprimary,rowc_g
targphotoprimary,rowc_i
targphotoprimary,rowc_r
targphotoprimary,rowc_u
targphotoprimary,rowc_z
targphotoprimary,rowcerr
targphotoprimary,rowcerr_g
targphotoprimary,rowcerr_i
targphotoprimary,rowcerr_r
targphotoprimary,rowcerr_u
targphotoprimary,rowcerr_z
targphotoprimary,rowv
targphotoprimary,rowverr
targphotoprimary,run
targphotoprimary,sectarget
targphotoprimary,sky_g
targphotoprimary,sky_i
targphotoprimary,sky_r
targphotoprimary,sky_u
targphotoprimary,sky_z
targphotoprimary,skyerr_g
targphotoprimary,skyerr_i
targphotoprimary,skyerr_r
targphotoprimary,skyerr_u
targphotoprimary,skyerr_z
targphotoprimary,skyversion
targphotoprimary,specobjid
targphotoprimary,status
targphotoprimary,texture_g
targphotoprimary,texture_i
targphotoprimary,texture_r
targphotoprimary,texture_u
targphotoprimary,texture_z
targphotoprimary,type
targphotoprimary,type_g
targphotoprimary,type_i
targphotoprimary,type_r
targphotoprimary,type_u
targphotoprimary,type_z
targphotoprimary,u
targphotoprimary,u_g
targphotoprimary,u_i
targphotoprimary,u_r
targphotoprimary,u_u
targphotoprimary,u_z
targphotoprimary,uerr_g
targphotoprimary,uerr_i
targphotoprimary,uerr_r
targphotoprimary,uerr_u
targphotoprimary,uerr_z
targphotoprimary,z
glossary,key
glossary,name
glossary,text
glossary,ucd
targphotosecondary,camcol
targphotosecondary,colc
targphotosecondary,colc_g
targphotosecondary,colc_i
targphotosecondary,colc_r
targphotosecondary,colc_u
targphotosecondary,colc_z
targphotosecondary,colcerr
targphotosecondary,colcerr_g
targphotosecondary,colcerr_i
targphotosecondary,colcerr_r
targphotosecondary,colcerr_u
targphotosecondary,colcerr_z
targphotosecondary,colv
targphotosecondary,colverr
targphotosecondary,cx
targphotosecondary,cy
targphotosecondary,cz
targphotosecondary,dec
targphotosecondary,dered_g
targphotosecondary,dered_i
targphotosecondary,dered_r
targphotosecondary,dered_u
targphotosecondary,dered_z
targphotosecondary,devab_g
targphotosecondary,devab_i
targphotosecondary,devab_r
targphotosecondary,devab_u
targphotosecondary,devab_z
targphotosecondary,devaberr_g
targphotosecondary,devaberr_i
targphotosecondary,devaberr_r
targphotosecondary,devaberr_u
targphotosecondary,devaberr_z
targphotosecondary,devmag_g
targphotosecondary,devmag_i
targphotosecondary,devmag_r
targphotosecondary,devmag_u
targphotosecondary,devmag_z
targphotosecondary,devmagerr_g
targphotosecondary,devmagerr_i
targphotosecondary,devmagerr_r
targphotosecondary,devmagerr_u
targphotosecondary,devmagerr_z
targphotosecondary,devphi_g
targphotosecondary,devphi_i
targphotosecondary,devphi_r
targphotosecondary,devphi_u
targphotosecondary,devphi_z
targphotosecondary,devphierr_g
targphotosecondary,devphierr_i
targphotosecondary,devphierr_r
targphotosecondary,devphierr_u
targphotosecondary,devphierr_z
targphotosecondary,devrad_g
targphotosecondary,devrad_i
targphotosecondary,devrad_r
targphotosecondary,devrad_u
targphotosecondary,devrad_z
targphotosecondary,devraderr_g
targphotosecondary,devraderr_i
targphotosecondary,devraderr_r
targphotosecondary,devraderr_u
targphotosecondary,devraderr_z
targphotosecondary,err_g
targphotosecondary,err_i
targphotosecondary,err_r
targphotosecondary,err_u
targphotosecondary,err_z
targphotosecondary,expab_g
targphotosecondary,expab_i
targphotosecondary,expab_r
targphotosecondary,expab_u
targphotosecondary,expab_z
targphotosecondary,expaberr_g
targphotosecondary,expaberr_i
targphotosecondary,expaberr_r
targphotosecondary,expaberr_u
targphotosecondary,expaberr_z
targphotosecondary,expmag_g
targphotosecondary,expmag_i
targphotosecondary,expmag_r
targphotosecondary,expmag_u
targphotosecondary,expmag_z
targphotosecondary,expmagerr_g
targphotosecondary,expmagerr_i
targphotosecondary,expmagerr_r
targphotosecondary,expmagerr_u
targphotosecondary,expmagerr_z
targphotosecondary,expphi_g
targphotosecondary,expphi_i
targphotosecondary,expphi_r
targphotosecondary,expphi_u
targphotosecondary,expphi_z
targphotosecondary,expphierr_g
targphotosecondary,expphierr_i
targphotosecondary,expphierr_r
targphotosecondary,expphierr_u
targphotosecondary,expphierr_z
targphotosecondary,exprad_g
targphotosecondary,exprad_i
targphotosecondary,exprad_r
targphotosecondary,exprad_u
targphotosecondary,exprad_z
targphotosecondary,expraderr_g
targphotosecondary,expraderr_i
targphotosecondary,expraderr_r
targphotosecondary,expraderr_u
targphotosecondary,expraderr_z
targphotosecondary,extinction_g
targphotosecondary,extinction_i
targphotosecondary,extinction_r
targphotosecondary,extinction_u
targphotosecondary,extinction_z
targphotosecondary,fibermag_g
targphotosecondary,fibermag_i
targphotosecondary,fibermag_r
targphotosecondary,fibermag_u
targphotosecondary,fibermag_z
targphotosecondary,fibermagerr_g
targphotosecondary,fibermagerr_i
targphotosecondary,fibermagerr_r
targphotosecondary,fibermagerr_u
targphotosecondary,fibermagerr_z
targphotosecondary,field
targphotosecondary,fieldid
targphotosecondary,flags
targphotosecondary,flags_g
targphotosecondary,flags_i
targphotosecondary,flags_r
targphotosecondary,flags_u
targphotosecondary,flags_z
targphotosecondary,fracdev_g
targphotosecondary,fracdev_i
targphotosecondary,fracdev_r
targphotosecondary,fracdev_u
targphotosecondary,fracdev_z
targphotosecondary,g
targphotosecondary,htmid
targphotosecondary,i
targphotosecondary,insidemask
targphotosecondary,isoa_g
targphotosecondary,isoa_i
targphotosecondary,isoa_r
targphotosecondary,isoa_u
targphotosecondary,isoa_z
targphotosecondary,isoaerr_g
targphotosecondary,isoaerr_i
targphotosecondary,isoaerr_r
targphotosecondary,isoaerr_u
targphotosecondary,isoaerr_z
targphotosecondary,isoagrad_g
targphotosecondary,isoagrad_i
targphotosecondary,isoagrad_r
targphotosecondary,isoagrad_u
targphotosecondary,isoagrad_z
targphotosecondary,isob_g
targphotosecondary,isob_i
targphotosecondary,isob_r
targphotosecondary,isob_u
targphotosecondary,isob_z
targphotosecondary,isoberr_g
targphotosecondary,isoberr_i
targphotosecondary,isoberr_r
targphotosecondary,isoberr_u
targphotosecondary,isoberr_z
targphotosecondary,isobgrad_g
targphotosecondary,isobgrad_i
targphotosecondary,isobgrad_r
targphotosecondary,isobgrad_u
targphotosecondary,isobgrad_z
targphotosecondary,isocolc_g
targphotosecondary,isocolc_i
targphotosecondary,isocolc_r
targphotosecondary,isocolc_u
targphotosecondary,isocolc_z
targphotosecondary,isocolcerr_g
targphotosecondary,isocolcerr_i
targphotosecondary,isocolcerr_r
targphotosecondary,isocolcerr_u
targphotosecondary,isocolcerr_z
targphotosecondary,isocolcgrad_g
targphotosecondary,isocolcgrad_i
targphotosecondary,isocolcgrad_r
targphotosecondary,isocolcgrad_u
targphotosecondary,isocolcgrad_z
targphotosecondary,isophi_g
targphotosecondary,isophi_i
targphotosecondary,isophi_r
targphotosecondary,isophi_u
targphotosecondary,isophi_z
targphotosecondary,isophierr_g
targphotosecondary,isophierr_i
targphotosecondary,isophierr_r
targphotosecondary,isophierr_u
targphotosecondary,isophierr_z
targphotosecondary,isophigrad_g
targphotosecondary,isophigrad_i
targphotosecondary,isophigrad_r
targphotosecondary,isophigrad_u
targphotosecondary,isophigrad_z
targphotosecondary,isorowc_g
targphotosecondary,isorowc_i
targphotosecondary,isorowc_r
targphotosecondary,isorowc_u
targphotosecondary,isorowc_z
targphotosecondary,isorowcerr_g
targphotosecondary,isorowcerr_i
targphotosecondary,isorowcerr_r
targphotosecondary,isorowcerr_u
targphotosecondary,isorowcerr_z
targphotosecondary,isorowcgrad_g
targphotosecondary,isorowcgrad_i
targphotosecondary,isorowcgrad_r
targphotosecondary,isorowcgrad_u
targphotosecondary,isorowcgrad_z
targphotosecondary,lnldev_g
targphotosecondary,lnldev_i
targphotosecondary,lnldev_r
targphotosecondary,lnldev_u
targphotosecondary,lnldev_z
targphotosecondary,lnlexp_g
targphotosecondary,lnlexp_i
targphotosecondary,lnlexp_r
targphotosecondary,lnlexp_u
targphotosecondary,lnlexp_z
targphotosecondary,lnlstar_g
targphotosecondary,lnlstar_i
targphotosecondary,lnlstar_r
targphotosecondary,lnlstar_u
targphotosecondary,lnlstar_z
targphotosecondary,loadversion
targphotosecondary,mcr4_g
targphotosecondary,mcr4_i
targphotosecondary,mcr4_r
targphotosecondary,mcr4_u
targphotosecondary,mcr4_z
targphotosecondary,mcr4psf_g
targphotosecondary,mcr4psf_i
targphotosecondary,mcr4psf_r
targphotosecondary,mcr4psf_u
targphotosecondary,mcr4psf_z
targphotosecondary,me1_g
targphotosecondary,me1_i
targphotosecondary,me1_r
targphotosecondary,me1_u
targphotosecondary,me1_z
targphotosecondary,me1e1err_g
targphotosecondary,me1e1err_i
targphotosecondary,me1e1err_r
targphotosecondary,me1e1err_u
targphotosecondary,me1e1err_z
targphotosecondary,me1e2err_g
targphotosecondary,me1e2err_i
targphotosecondary,me1e2err_r
targphotosecondary,me1e2err_u
targphotosecondary,me1e2err_z
targphotosecondary,me1psf_g
targphotosecondary,me1psf_i
targphotosecondary,me1psf_r
targphotosecondary,me1psf_u
targphotosecondary,me1psf_z
targphotosecondary,me2_g
targphotosecondary,me2_i
targphotosecondary,me2_r
targphotosecondary,me2_u
targphotosecondary,me2_z
targphotosecondary,me2e2err_g
targphotosecondary,me2e2err_i
targphotosecondary,me2e2err_r
targphotosecondary,me2e2err_u
targphotosecondary,me2e2err_z
targphotosecondary,me2psf_g
targphotosecondary,me2psf_i
targphotosecondary,me2psf_r
targphotosecondary,me2psf_u
targphotosecondary,me2psf_z
targphotosecondary,mode
targphotosecondary,modelmag_g
targphotosecondary,modelmag_i
targphotosecondary,modelmag_r
targphotosecondary,modelmag_u
targphotosecondary,modelmag_z
targphotosecondary,modelmagerr_g
targphotosecondary,modelmagerr_i
targphotosecondary,modelmagerr_r
targphotosecondary,modelmagerr_u
targphotosecondary,modelmagerr_z
targphotosecondary,mrrcc_g
targphotosecondary,mrrcc_i
targphotosecondary,mrrcc_r
targphotosecondary,mrrcc_u
targphotosecondary,mrrcc_z
targphotosecondary,mrrccerr_g
targphotosecondary,mrrccerr_i
targphotosecondary,mrrccerr_r
targphotosecondary,mrrccerr_u
targphotosecondary,mrrccerr_z
targphotosecondary,mrrccpsf_g
targphotosecondary,mrrccpsf_i
targphotosecondary,mrrccpsf_r
targphotosecondary,mrrccpsf_u
targphotosecondary,mrrccpsf_z
targphotosecondary,nchild
targphotosecondary,nprof_g
targphotosecondary,nprof_i
targphotosecondary,nprof_r
targphotosecondary,nprof_u
targphotosecondary,nprof_z
targphotosecondary,obj
targphotosecondary,objid
targphotosecondary,offsetdec_g
targphotosecondary,offsetdec_i
targphotosecondary,offsetdec_r
targphotosecondary,offsetdec_u
targphotosecondary,offsetdec_z
targphotosecondary,offsetra_g
targphotosecondary,offsetra_i
targphotosecondary,offsetra_r
targphotosecondary,offsetra_u
targphotosecondary,offsetra_z
targphotosecondary,parentid
targphotosecondary,petromag_g
targphotosecondary,petromag_i
targphotosecondary,petromag_r
targphotosecondary,petromag_u
targphotosecondary,petromag_z
targphotosecondary,petromagerr_g
targphotosecondary,petromagerr_i
targphotosecondary,petromagerr_r
targphotosecondary,petromagerr_u
targphotosecondary,petromagerr_z
targphotosecondary,petror50_g
targphotosecondary,petror50_i
targphotosecondary,petror50_r
targphotosecondary,petror50_u
targphotosecondary,petror50_z
targphotosecondary,petror50err_g
targphotosecondary,petror50err_i
targphotosecondary,petror50err_r
targphotosecondary,petror50err_u
targphotosecondary,petror50err_z
targphotosecondary,petror90_g
targphotosecondary,petror90_i
targphotosecondary,petror90_r
targphotosecondary,petror90_u
targphotosecondary,petror90_z
targphotosecondary,petror90err_g
targphotosecondary,petror90err_i
targphotosecondary,petror90err_r
targphotosecondary,petror90err_u
targphotosecondary,petror90err_z
targphotosecondary,petrorad_g
targphotosecondary,petrorad_i
targphotosecondary,petrorad_r
targphotosecondary,petrorad_u
targphotosecondary,petrorad_z
targphotosecondary,petroraderr_g
targphotosecondary,petroraderr_i
targphotosecondary,petroraderr_r
targphotosecondary,petroraderr_u
targphotosecondary,petroraderr_z
targphotosecondary,primtarget
targphotosecondary,priority
targphotosecondary,probpsf
targphotosecondary,probpsf_g
targphotosecondary,probpsf_i
targphotosecondary,probpsf_r
targphotosecondary,probpsf_u
targphotosecondary,probpsf_z
targphotosecondary,psfmag_g
targphotosecondary,psfmag_i
targphotosecondary,psfmag_r
targphotosecondary,psfmag_u
targphotosecondary,psfmag_z
targphotosecondary,psfmagerr_g
targphotosecondary,psfmagerr_i
targphotosecondary,psfmagerr_r
targphotosecondary,psfmagerr_u
targphotosecondary,psfmagerr_z
targphotosecondary,q_g
targphotosecondary,q_i
targphotosecondary,q_r
targphotosecondary,q_u
targphotosecondary,q_z
targphotosecondary,qerr_g
targphotosecondary,qerr_i
targphotosecondary,qerr_r
targphotosecondary,qerr_u
targphotosecondary,qerr_z
targphotosecondary,r
targphotosecondary,ra
targphotosecondary,rerun
targphotosecondary,rho
targphotosecondary,rowc
targphotosecondary,rowc_g
targphotosecondary,rowc_i
targphotosecondary,rowc_r
targphotosecondary,rowc_u
targphotosecondary,rowc_z
targphotosecondary,rowcerr
targphotosecondary,rowcerr_g
targphotosecondary,rowcerr_i
targphotosecondary,rowcerr_r
targphotosecondary,rowcerr_u
targphotosecondary,rowcerr_z
targphotosecondary,rowv
targphotosecondary,rowverr
targphotosecondary,run
targphotosecondary,sectarget
targphotosecondary,sky_g
targphotosecondary,sky_i
targphotosecondary,sky_r
targphotosecondary,sky_u
targphotosecondary,sky_z
targphotosecondary,skyerr_g
targphotosecondary,skyerr_i
targphotosecondary,skyerr_r
targphotosecondary,skyerr_u
targphotosecondary,skyerr_z
targphotosecondary,skyversion
targphotosecondary,specobjid
targphotosecondary,status
targphotosecondary,texture_g
targphotosecondary,texture_i
targphotosecondary,texture_r
targphotosecondary,texture_u
targphotosecondary,texture_z
targphotosecondary,type
targphotosecondary,type_g
targphotosecondary,type_i
targphotosecondary,type_r
targphotosecondary,type_u
targphotosecondary,type_z
targphotosecondary,u
targphotosecondary,u_g
targphotosecondary,u_i
targphotosecondary,u_r
targphotosecondary,u_u
targphotosecondary,u_z
targphotosecondary,uerr_g
targphotosecondary,uerr_i
targphotosecondary,uerr_r
targphotosecondary,uerr_u
targphotosecondary,uerr_z
targphotosecondary,z
algorithm,key
algorithm,name
algorithm,text
algorithm,ucd
run,field0
run,nfields
run,rerun
run,run
run,segmentid
maskedobject,maskid
maskedobject,masktype
maskedobject,objid
tabledesc,key
tabledesc,text
tabledesc,type
tabledesc,ucd
specphoto,bestprimtarget
specphoto,bestsectarget
specphoto,camcol
specphoto,collisiongroupid
specphoto,cx
specphoto,cy
specphoto,cz
specphoto,dec
specphoto,dered_g
specphoto,dered_i
specphoto,dered_r
specphoto,dered_u
specphoto,dered_z
specphoto,extinction_g
specphoto,extinction_i
specphoto,extinction_r
specphoto,extinction_u
specphoto,extinction_z
specphoto,fiberid
specphoto,fibermag_g
specphoto,fibermag_i
specphoto,fibermag_r
specphoto,fibermag_u
specphoto,fibermag_z
specphoto,fibermagerr_g
specphoto,fibermagerr_i
specphoto,fibermagerr_r
specphoto,fibermagerr_u
specphoto,fibermagerr_z
specphoto,field
specphoto,fieldid
specphoto,flags
specphoto,htmid
specphoto,mjd
specphoto,mode
specphoto,modelmag_g
specphoto,modelmag_i
specphoto,modelmag_r
specphoto,modelmag_u
specphoto,modelmag_z
specphoto,modelmagerr_g
specphoto,modelmagerr_i
specphoto,modelmagerr_r
specphoto,modelmagerr_u
specphoto,modelmagerr_z
specphoto,mrrcc_r
specphoto,mrrccerr_r
specphoto,nchild
specphoto,obj
specphoto,objid
specphoto,objtype
specphoto,petromag_g
specphoto,petromag_i
specphoto,petromag_r
specphoto,petromag_u
specphoto,petromag_z
specphoto,petromagerr_g
specphoto,petromagerr_i
specphoto,petromagerr_r
specphoto,petromagerr_u
specphoto,petromagerr_z
specphoto,photodec
specphoto,photora
specphoto,plate
specphoto,plateid
specphoto,primtarget
specphoto,priority
specphoto,psfmag_g
specphoto,psfmag_i
specphoto,psfmag_r
specphoto,psfmag_u
specphoto,psfmag_z
specphoto,psfmagerr_g
specphoto,psfmagerr_i
specphoto,psfmagerr_r
specphoto,psfmagerr_u
specphoto,psfmagerr_z
specphoto,ra
specphoto,rerun
specphoto,run
specphoto,scienceprimary
specphoto,sectarget
specphoto,size
specphoto,skyversion
specphoto,specclass
specphoto,specobjid
specphoto,status
specphoto,targetid
specphoto,targetmode
specphoto,targetobjid
specphoto,tile
specphoto,tilerun
specphoto,timask
specphoto,tipriority
specphoto,type
specphoto,z
specphoto,zconf
specphoto,zerr
specphoto,zstatus
specphoto,zwarning
objmask,cmax
objmask,cmin
objmask,col0
objmask,npix
objmask,nspan
objmask,objid
objmask,rmax
objmask,rmin
objmask,row0
objmask,size
objmask,span
dbobjects,access
dbobjects,description
dbobjects,name
dbobjects,rank
dbobjects,text
dbobjects,type
photoobjall,b
photoobjall,camcol
photoobjall,clean
photoobjall,colc
photoobjall,colc_g
photoobjall,colc_i
photoobjall,colc_r
photoobjall,colc_u
photoobjall,colc_z
photoobjall,colcerr
photoobjall,colcerr_g
photoobjall,colcerr_i
photoobjall,colcerr_r
photoobjall,colcerr_u
photoobjall,colcerr_z
photoobjall,colv
photoobjall,colverr
photoobjall,cx
photoobjall,cy
photoobjall,cz
photoobjall,dec
photoobjall,decerr
photoobjall,dered_g
photoobjall,dered_i
photoobjall,dered_r
photoobjall,dered_u
photoobjall,dered_z
photoobjall,devab_g
photoobjall,devab_i
photoobjall,devab_r
photoobjall,devab_u
photoobjall,devab_z
photoobjall,devaberr_g
photoobjall,devaberr_i
photoobjall,devaberr_r
photoobjall,devaberr_u
photoobjall,devaberr_z
photoobjall,devmag_g
photoobjall,devmag_i
photoobjall,devmag_r
photoobjall,devmag_u
photoobjall,devmag_z
photoobjall,devmagerr_g
photoobjall,devmagerr_i
photoobjall,devmagerr_r
photoobjall,devmagerr_u
photoobjall,devmagerr_z
photoobjall,devphi_g
photoobjall,devphi_i
photoobjall,devphi_r
photoobjall,devphi_u
photoobjall,devphi_z
photoobjall,devphierr_g
photoobjall,devphierr_i
photoobjall,devphierr_r
photoobjall,devphierr_u
photoobjall,devphierr_z
photoobjall,devrad_g
photoobjall,devrad_i
photoobjall,devrad_r
photoobjall,devrad_u
photoobjall,devrad_z
photoobjall,devraderr_g
photoobjall,devraderr_i
photoobjall,devraderr_r
photoobjall,devraderr_u
photoobjall,devraderr_z
photoobjall,err_g
photoobjall,err_i
photoobjall,err_r
photoobjall,err_u
photoobjall,err_z
photoobjall,expab_g
photoobjall,expab_i
photoobjall,expab_r
photoobjall,expab_u
photoobjall,expab_z
photoobjall,expaberr_g
photoobjall,expaberr_i
photoobjall,expaberr_r
photoobjall,expaberr_u
photoobjall,expaberr_z
photoobjall,expmag_g
photoobjall,expmag_i
photoobjall,expmag_r
photoobjall,expmag_u
photoobjall,expmag_z
photoobjall,expmagerr_g
photoobjall,expmagerr_i
photoobjall,expmagerr_r
photoobjall,expmagerr_u
photoobjall,expmagerr_z
photoobjall,expphi_g
photoobjall,expphi_i
photoobjall,expphi_r
photoobjall,expphi_u
photoobjall,expphi_z
photoobjall,expphierr_g
photoobjall,expphierr_i
photoobjall,expphierr_r
photoobjall,expphierr_u
photoobjall,expphierr_z
photoobjall,exprad_g
photoobjall,exprad_i
photoobjall,exprad_r
photoobjall,exprad_u
photoobjall,exprad_z
photoobjall,expraderr_g
photoobjall,expraderr_i
photoobjall,expraderr_r
photoobjall,expraderr_u
photoobjall,expraderr_z
photoobjall,extinction_g
photoobjall,extinction_i
photoobjall,extinction_r
photoobjall,extinction_u
photoobjall,extinction_z
photoobjall,fibermag_g
photoobjall,fibermag_i
photoobjall,fibermag_r
photoobjall,fibermag_u
photoobjall,fibermag_z
photoobjall,fibermagerr_g
photoobjall,fibermagerr_i
photoobjall,fibermagerr_r
photoobjall,fibermagerr_u
photoobjall,fibermagerr_z
photoobjall,field
photoobjall,fieldid
photoobjall,flags
photoobjall,flags_g
photoobjall,flags_i
photoobjall,flags_r
photoobjall,flags_u
photoobjall,flags_z
photoobjall,fracdev_g
photoobjall,fracdev_i
photoobjall,fracdev_r
photoobjall,fracdev_u
photoobjall,fracdev_z
photoobjall,g
photoobjall,htmid
photoobjall,i
photoobjall,insidemask
photoobjall,isoa_g
photoobjall,isoa_i
photoobjall,isoa_r
photoobjall,isoa_u
photoobjall,isoa_z
photoobjall,isoaerr_g
photoobjall,isoaerr_i
photoobjall,isoaerr_r
photoobjall,isoaerr_u
photoobjall,isoaerr_z
photoobjall,isoagrad_g
photoobjall,isoagrad_i
photoobjall,isoagrad_r
photoobjall,isoagrad_u
photoobjall,isoagrad_z
photoobjall,isob_g
photoobjall,isob_i
photoobjall,isob_r
photoobjall,isob_u
photoobjall,isob_z
photoobjall,isoberr_g
photoobjall,isoberr_i
photoobjall,isoberr_r
photoobjall,isoberr_u
photoobjall,isoberr_z
photoobjall,isobgrad_g
photoobjall,isobgrad_i
photoobjall,isobgrad_r
photoobjall,isobgrad_u
photoobjall,isobgrad_z
photoobjall,isocolc_g
photoobjall,isocolc_i
photoobjall,isocolc_r
photoobjall,isocolc_u
photoobjall,isocolc_z
photoobjall,isocolcerr_g
photoobjall,isocolcerr_i
photoobjall,isocolcerr_r
photoobjall,isocolcerr_u
photoobjall,isocolcerr_z
photoobjall,isocolcgrad_g
photoobjall,isocolcgrad_i
photoobjall,isocolcgrad_r
photoobjall,isocolcgrad_u
photoobjall,isocolcgrad_z
photoobjall,isophi_g
photoobjall,isophi_i
photoobjall,isophi_r
photoobjall,isophi_u
photoobjall,isophi_z
photoobjall,isophierr_g
photoobjall,isophierr_i
photoobjall,isophierr_r
photoobjall,isophierr_u
photoobjall,isophierr_z
photoobjall,isophigrad_g
photoobjall,isophigrad_i
photoobjall,isophigrad_r
photoobjall,isophigrad_u
photoobjall,isophigrad_z
photoobjall,isorowc_g
photoobjall,isorowc_i
photoobjall,isorowc_r
photoobjall,isorowc_u
photoobjall,isorowc_z
photoobjall,isorowcerr_g
photoobjall,isorowcerr_i
photoobjall,isorowcerr_r
photoobjall,isorowcerr_u
photoobjall,isorowcerr_z
photoobjall,isorowcgrad_g
photoobjall,isorowcgrad_i
photoobjall,isorowcgrad_r
photoobjall,isorowcgrad_u
photoobjall,isorowcgrad_z
photoobjall,l
photoobjall,lnldev_g
photoobjall,lnldev_i
photoobjall,lnldev_r
photoobjall,lnldev_u
photoobjall,lnldev_z
photoobjall,lnlexp_g
photoobjall,lnlexp_i
photoobjall,lnlexp_r
photoobjall,lnlexp_u
photoobjall,lnlexp_z
photoobjall,lnlstar_g
photoobjall,lnlstar_i
photoobjall,lnlstar_r
photoobjall,lnlstar_u
photoobjall,lnlstar_z
photoobjall,loadversion
photoobjall,mcr4_g
photoobjall,mcr4_i
photoobjall,mcr4_r
photoobjall,mcr4_u
photoobjall,mcr4_z
photoobjall,mcr4psf_g
photoobjall,mcr4psf_i
photoobjall,mcr4psf_r
photoobjall,mcr4psf_u
photoobjall,mcr4psf_z
photoobjall,me1_g
photoobjall,me1_i
photoobjall,me1_r
photoobjall,me1_u
photoobjall,me1_z
photoobjall,me1e1err_g
photoobjall,me1e1err_i
photoobjall,me1e1err_r
photoobjall,me1e1err_u
photoobjall,me1e1err_z
photoobjall,me1e2err_g
photoobjall,me1e2err_i
photoobjall,me1e2err_r
photoobjall,me1e2err_u
photoobjall,me1e2err_z
photoobjall,me1psf_g
photoobjall,me1psf_i
photoobjall,me1psf_r
photoobjall,me1psf_u
photoobjall,me1psf_z
photoobjall,me2_g
photoobjall,me2_i
photoobjall,me2_r
photoobjall,me2_u
photoobjall,me2_z
photoobjall,me2e2err_g
photoobjall,me2e2err_i
photoobjall,me2e2err_r
photoobjall,me2e2err_u
photoobjall,me2e2err_z
photoobjall,me2psf_g
photoobjall,me2psf_i
photoobjall,me2psf_r
photoobjall,me2psf_u
photoobjall,me2psf_z
photoobjall,mode
photoobjall,modelmag_g
photoobjall,modelmag_i
photoobjall,modelmag_r
photoobjall,modelmag_u
photoobjall,modelmag_z
photoobjall,modelmagerr_g
photoobjall,modelmagerr_i
photoobjall,modelmagerr_r
photoobjall,modelmagerr_u
photoobjall,modelmagerr_z
photoobjall,mrrcc_g
photoobjall,mrrcc_i
photoobjall,mrrcc_r
photoobjall,mrrcc_u
photoobjall,mrrcc_z
photoobjall,mrrccerr_g
photoobjall,mrrccerr_i
photoobjall,mrrccerr_r
photoobjall,mrrccerr_u
photoobjall,mrrccerr_z
photoobjall,mrrccpsf_g
photoobjall,mrrccpsf_i
photoobjall,mrrccpsf_r
photoobjall,mrrccpsf_u
photoobjall,mrrccpsf_z
photoobjall,nchild
photoobjall,nprof_g
photoobjall,nprof_i
photoobjall,nprof_r
photoobjall,nprof_u
photoobjall,nprof_z
photoobjall,obj
photoobjall,objid
photoobjall,offsetdec_g
photoobjall,offsetdec_i
photoobjall,offsetdec_r
photoobjall,offsetdec_u
photoobjall,offsetdec_z
photoobjall,offsetra_g
photoobjall,offsetra_i
photoobjall,offsetra_r
photoobjall,offsetra_u
photoobjall,offsetra_z
photoobjall,parentid
photoobjall,petromag_g
photoobjall,petromag_i
photoobjall,petromag_r
photoobjall,petromag_u
photoobjall,petromag_z
photoobjall,petromagerr_g
photoobjall,petromagerr_i
photoobjall,petromagerr_r
photoobjall,petromagerr_u
photoobjall,petromagerr_z
photoobjall,petror50_g
photoobjall,petror50_i
photoobjall,petror50_r
photoobjall,petror50_u
photoobjall,petror50_z
photoobjall,petror50err_g
photoobjall,petror50err_i
photoobjall,petror50err_r
photoobjall,petror50err_u
photoobjall,petror50err_z
photoobjall,petror90_g
photoobjall,petror90_i
photoobjall,petror90_r
photoobjall,petror90_u
photoobjall,petror90_z
photoobjall,petror90err_g
photoobjall,petror90err_i
photoobjall,petror90err_r
photoobjall,petror90err_u
photoobjall,petror90err_z
photoobjall,petrorad_g
photoobjall,petrorad_i
photoobjall,petrorad_r
photoobjall,petrorad_u
photoobjall,petrorad_z
photoobjall,petroraderr_g
photoobjall,petroraderr_i
photoobjall,petroraderr_r
photoobjall,petroraderr_u
photoobjall,petroraderr_z
photoobjall,primtarget
photoobjall,priority
photoobjall,probpsf
photoobjall,probpsf_g
photoobjall,probpsf_i
photoobjall,probpsf_r
photoobjall,probpsf_u
photoobjall,probpsf_z
photoobjall,psfmag_g
photoobjall,psfmag_i
photoobjall,psfmag_r
photoobjall,psfmag_u
photoobjall,psfmag_z
photoobjall,psfmagerr_g
photoobjall,psfmagerr_i
photoobjall,psfmagerr_r
photoobjall,psfmagerr_u
photoobjall,psfmagerr_z
photoobjall,q_g
photoobjall,q_i
photoobjall,q_r
photoobjall,q_u
photoobjall,q_z
photoobjall,qerr_g
photoobjall,qerr_i
photoobjall,qerr_r
photoobjall,qerr_u
photoobjall,qerr_z
photoobjall,r
photoobjall,ra
photoobjall,radeccorr
photoobjall,raerr
photoobjall,rerun
photoobjall,rho
photoobjall,rowc
photoobjall,rowc_g
photoobjall,rowc_i
photoobjall,rowc_r
photoobjall,rowc_u
photoobjall,rowc_z
photoobjall,rowcerr
photoobjall,rowcerr_g
photoobjall,rowcerr_i
photoobjall,rowcerr_r
photoobjall,rowcerr_u
photoobjall,rowcerr_z
photoobjall,rowv
photoobjall,rowverr
photoobjall,run
photoobjall,sectarget
photoobjall,segueprimtarget
photoobjall,seguesectarget
photoobjall,sky_g
photoobjall,sky_i
photoobjall,sky_r
photoobjall,sky_u
photoobjall,sky_z
photoobjall,skyerr_g
photoobjall,skyerr_i
photoobjall,skyerr_r
photoobjall,skyerr_u
photoobjall,skyerr_z
photoobjall,skyversion
photoobjall,specobjid
photoobjall,status
photoobjall,texture_g
photoobjall,texture_i
photoobjall,texture_r
photoobjall,texture_u
photoobjall,texture_z
photoobjall,type
photoobjall,type_g
photoobjall,type_i
photoobjall,type_r
photoobjall,type_u
photoobjall,type_z
photoobjall,u
photoobjall,u_g
photoobjall,u_i
photoobjall,u_r
photoobjall,u_u
photoobjall,u_z
photoobjall,uerr_g
photoobjall,uerr_i
photoobjall,uerr_r
photoobjall,uerr_u
photoobjall,uerr_z
photoobjall,z
specobj,bestobjid
specobj,cx
specobj,cy
specobj,cz
specobj,dec
specobj,eclass
specobj,ecoeff_0
specobj,ecoeff_1
specobj,ecoeff_2
specobj,ecoeff_3
specobj,ecoeff_4
specobj,fiberid
specobj,fibermag_g
specobj,fibermag_i
specobj,fibermag_r
specobj,fibermag_u
specobj,fibermag_z
specobj,htmid
specobj,img
specobj,loadversion
specobj,mag_0
specobj,mag_1
specobj,mag_2
specobj,mjd
specobj,ngood
specobj,objtype
specobj,objtypename
specobj,otherprimtarget
specobj,othersectarget
specobj,pixmax
specobj,pixmin
specobj,plate
specobj,plateid
specobj,primtarget
specobj,ra
specobj,sci_sn
specobj,scienceprimary
specobj,sectarget
specobj,segueprimtarget
specobj,seguesectarget
specobj,sm_leg_0
specobj,sm_leg_1
specobj,sm_leg_2
specobj,smear_sn
specobj,sn_0
specobj,sn_1
specobj,sn_2
specobj,specclass
specobj,specobjid
specobj,spectrographid
specobj,targetid
specobj,targetobjid
specobj,throughput
specobj,tile
specobj,veldisp
specobj,veldisperr
specobj,xfocal
specobj,yfocal
specobj,z
specobj,zconf
specobj,zerr
specobj,zstatus
specobj,zwarning
specline,category
specline,chisq
specline,continuum
specline,ew
specline,ewerr
specline,ewmin
specline,height
specline,heighterr
specline,lineid
specline,linemask
specline,nsigma
specline,nu
specline,restwave
specline,sigma
specline,sigmaerr
specline,sigmamax
specline,sigmamin
specline,specindex
specline,speclineid
specline,specobjid
specline,wave
specline,waveerr
specline,wavemax
specline,wavemin
specline,weight
specline,z
specline,zerr
dbcolumns,description
dbcolumns,enum
dbcolumns,name
dbcolumns,rank
dbcolumns,tablename
dbcolumns,ucd
dbcolumns,unit
columns,description
columns,enum
columns,name
columns,rank
columns,tablename
columns,ucd
columns,unit
qsocatalog,bestobjid
qsocatalog,bestqsotargeted
qsocatalog,dist_best_spec
qsocatalog,dist_target_best
qsocatalog,dist_target_spec
qsocatalog,headobjid
qsocatalog,headobjtype
qsocatalog,psfmag_g_i_diff
qsocatalog,psfmag_i_diff
qsocatalog,qsoprimary
qsocatalog,specobjid
qsocatalog,specqsoconfirmed
qsocatalog,specqsolargez
qsocatalog,specqsotargeted
qsocatalog,specqsounknown
qsocatalog,targetobjid
qsocatalog,targetqsotargeted
qsocatalog,tripleid
dbviewcols,name
dbviewcols,parent
dbviewcols,viewname
qsoconcordance,bestcolc_i
qsoconcordance,bestcx
qsoconcordance,bestcy
qsoconcordance,bestcz
qsoconcordance,bestdec
qsoconcordance,bestextinction_g
qsoconcordance,bestextinction_i
qsoconcordance,bestextinction_r
qsoconcordance,bestextinction_u
qsoconcordance,bestextinction_z
qsoconcordance,bestfieldculled
qsoconcordance,bestfieldid
qsoconcordance,bestfieldmjd
qsoconcordance,bestfieldquality
qsoconcordance,bestfirstid
qsoconcordance,bestfirstpeak
qsoconcordance,bestflags
qsoconcordance,bestflags_g
qsoconcordance,bestflags_i
qsoconcordance,bestflags_r
qsoconcordance,bestflags_u
qsoconcordance,bestflags_z
qsoconcordance,bestinsidemask
qsoconcordance,bestmi
qsoconcordance,bestmode
qsoconcordance,bestobjid
qsoconcordance,bestprimtarget
qsoconcordance,bestpritargfirst
qsoconcordance,bestpritarghiz
qsoconcordance,bestpritarglowz
qsoconcordance,bestpsfmag_g
qsoconcordance,bestpsfmag_i
qsoconcordance,bestpsfmag_r
qsoconcordance,bestpsfmag_u
qsoconcordance,bestpsfmag_z
qsoconcordance,bestpsfmagerr_g
qsoconcordance,bestpsfmagerr_i
qsoconcordance,bestpsfmagerr_r
qsoconcordance,bestpsfmagerr_u
qsoconcordance,bestpsfmagerr_z
qsoconcordance,bestqsotargeted
qsoconcordance,bestra
qsoconcordance,bestrosatcps
qsoconcordance,bestrosatid
qsoconcordance,bestrowc_i
qsoconcordance,besttype
qsoconcordance,dist_best_spec
qsoconcordance,dist_target_best
qsoconcordance,dist_target_spec
qsoconcordance,headobjid
qsoconcordance,psfmag_g_i_diff
qsoconcordance,psfmag_i_diff
qsoconcordance,qsoprimary
qsoconcordance,specbestobjid
qsoconcordance,specclass
qsoconcordance,speccx
qsoconcordance,speccy
qsoconcordance,speccz
qsoconcordance,specdec
qsoconcordance,specfiberid
qsoconcordance,speclineid
qsoconcordance,specmaxvelocity
qsoconcordance,specmjd
qsoconcordance,specobjid
qsoconcordance,specplate
qsoconcordance,specplatesn1_i
qsoconcordance,specplatesn2_i
qsoconcordance,specprimtarget
qsoconcordance,specqsoconfirmed
qsoconcordance,specqsolargez
qsoconcordance,specqsotargeted
qsoconcordance,specqsounknown
qsoconcordance,specra
qsoconcordance,specscienceprimary
qsoconcordance,spectargetid
qsoconcordance,spectargetobjid
qsoconcordance,specz
qsoconcordance,speczconf
qsoconcordance,speczerr
qsoconcordance,speczstatus
qsoconcordance,speczwarning
qsoconcordance,targetcolc_i
qsoconcordance,targetcx
qsoconcordance,targetcy
qsoconcordance,targetcz
qsoconcordance,targetdec
qsoconcordance,targetextinction_g
qsoconcordance,targetextinction_i
qsoconcordance,targetextinction_r
qsoconcordance,targetextinction_u
qsoconcordance,targetextinction_z
qsoconcordance,targetfieldculled
qsoconcordance,targetfieldid
qsoconcordance,targetfieldmjd
qsoconcordance,targetfieldquality
qsoconcordance,targetfirstid
qsoconcordance,targetfirstpeak
qsoconcordance,targetflags
qsoconcordance,targetflags_g
qsoconcordance,targetflags_i
qsoconcordance,targetflags_r
qsoconcordance,targetflags_u
qsoconcordance,targetflags_z
qsoconcordance,targetinsidemask
qsoconcordance,targetmi
qsoconcordance,targetmode
qsoconcordance,targetobjid
qsoconcordance,targetprimtarget
qsoconcordance,targetpritargfirst
qsoconcordance,targetpritarghiz
qsoconcordance,targetpritarglowz
qsoconcordance,targetpsfmag_g
qsoconcordance,targetpsfmag_i
qsoconcordance,targetpsfmag_r
qsoconcordance,targetpsfmag_u
qsoconcordance,targetpsfmag_z
qsoconcordance,targetpsfmagerr_g
qsoconcordance,targetpsfmagerr_i
qsoconcordance,targetpsfmagerr_r
qsoconcordance,targetpsfmagerr_u
qsoconcordance,targetpsfmagerr_z
qsoconcordance,targetqsotargeted
qsoconcordance,targetra
qsoconcordance,targetrosatcps
qsoconcordance,targetrosatid
qsoconcordance,targetrowc_i
qsoconcordance,targetsectorid
qsoconcordance,targetstatus
qsoconcordance,targettype
qsoconcordance,targetuniform
qsoconcordance,tripleid
history,date
history,description
history,filename
history,id
history,name
tile,completetileversion
tile,cx
tile,cy
tile,cz
tile,deccen
tile,extinction_g
tile,extinction_i
tile,extinction_r
tile,extinction_u
tile,extinction_z
tile,htmid
tile,loadversion
tile,ntargets
tile,programname
tile,programtype
tile,racen
tile,tile
tile,tilerun
tile,untiled
partitionmap,comment
partitionmap,filegroupname
partitionmap,size
inventory,filename
inventory,name
inventory,type
tiledtarget,cx
tiledtarget,cy
tiledtarget,cz
tiledtarget,dec
tiledtarget,duplicate
tiledtarget,htmid
tiledtarget,loadversion
tiledtarget,objtype
tiledtarget,ra
tiledtarget,targetid
tiledtarget,tile
tiledtarget,untiled
filegroupmap,comment
filegroupmap,indexfilegroup
filegroupmap,tablefilegroup
filegroupmap,tablename
dependency,child
dependency,filename
dependency,parent
tilingboundary,coordtype
tilingboundary,etanu_0
tilingboundary,etanu_1
tilingboundary,firstarea
tilingboundary,ismask
tilingboundary,lambdalimit_0
tilingboundary,lambdalimit_1
tilingboundary,lambdamu_0
tilingboundary,lambdamu_1
tilingboundary,loadversion
tilingboundary,nsbx
tilingboundary,stripe
tilingboundary,targetversion
tilingboundary,tilerun
tilingboundary,tilinggeometryid
pubhistory,loadversion
pubhistory,name
pubhistory,nrows
pubhistory,tend
tilingmask,coordtype
tilingmask,etanu_0
tilingmask,etanu_1
tilingmask,firstarea
tilingmask,ismask
tilingmask,lambdalimit_0
tilingmask,lambdalimit_1
tilingmask,lambdamu_0
tilingmask,lambdamu_1
tilingmask,loadversion
tilingmask,nsbx
tilingmask,stripe
tilingmask,targetversion
tilingmask,tilerun
tilingmask,tilinggeometryid
loadhistory,dbname
loadhistory,loadversion
loadhistory,tend
loadhistory,tstart
rmatrix,mode
rmatrix,row
rmatrix,x
rmatrix,y
rmatrix,z
fieldmask,description
fieldmask,name
fieldmask,value
diagnostics,count
diagnostics,name
diagnostics,type
region,area
region,comment
region,id
region,ismask
region,regionbinary
region,regionid
region,regionstring
region,type
photoflags,description
photoflags,name
photoflags,value
sitediagnostics,count
sitediagnostics,name
sitediagnostics,type
